V1,V2,V3,V4,V5,V6,V7,V8,V9,V10,V11,V12,V13,V14,V15,V16,V17,V18,V19,V20,V21,V22,V23,V24,V25,V26,Y
2.20 ,1.93 ,10.00 ,10.00 ,1.37 ,1.44 ,1.00 ,1.00 ,0.90 ,1.00 ,-1.83 ,-4.30 ,389.07 ,408.53 ,46.00 ,47.00 ,0.33 ,0.00 ,0.60 ,0.33 ,4.00 ,0.00 ,0,2.00 ,0.00 ,0.00 ,-0.51 
2.20 ,1.93 ,10.00 ,10.00 ,1.37 ,1.44 ,1.00 ,1.00 ,0.90 ,1.00 ,-1.83 ,-4.30 ,389.07 ,408.53 ,46.00 ,47.00 ,0.33 ,0.00 ,0.60 ,0.33 ,4.00 ,0.00 ,0,2.00 ,0.00 ,0.00 ,-0.55 
2.20 ,1.93 ,10.00 ,10.00 ,1.37 ,1.44 ,1.00 ,1.00 ,0.90 ,1.00 ,-1.83 ,-4.30 ,389.07 ,408.53 ,46.00 ,47.00 ,0.33 ,0.00 ,0.33 ,0.23 ,4.00 ,0.00 ,0,2.00 ,0.00 ,0.00 ,-0.51 
2.20 ,1.93 ,10.00 ,10.00 ,1.37 ,1.44 ,1.00 ,1.00 ,0.90 ,1.00 ,-1.83 ,-4.30 ,389.07 ,408.53 ,46.00 ,47.00 ,0.33 ,0.00 ,0.45 ,0.14 ,4.00 ,0.00 ,0,2.00 ,0.00 ,0.00 ,-0.47 
2.20 ,1.93 ,10.00 ,10.00 ,1.37 ,1.44 ,1.00 ,1.00 ,0.90 ,1.00 ,-1.83 ,-4.30 ,389.07 ,408.53 ,46.00 ,47.00 ,0.33 ,0.00 ,0.60 ,0.33 ,4.00 ,0.00 ,0,2.00 ,0.00 ,0.00 ,-0.61 
2.20 ,1.93 ,10.00 ,10.00 ,1.37 ,1.44 ,1.00 ,1.00 ,0.90 ,1.00 ,-1.83 ,-4.30 ,389.07 ,408.53 ,46.00 ,47.00 ,0.33 ,0.25 ,0.45 ,0.45 ,2.00 ,2.00 ,0,1.00 ,1.00 ,0.00 ,-0.47 
2.20 ,1.93 ,10.00 ,10.00 ,1.37 ,1.44 ,1.00 ,1.00 ,0.90 ,1.00 ,-1.83 ,-4.30 ,389.07 ,408.53 ,46.00 ,47.00 ,0.33 ,0.25 ,0.45 ,0.45 ,2.00 ,2.00 ,0,1.00 ,1.00 ,0.00 ,-0.49 
2.20 ,1.93 ,10.00 ,10.00 ,1.37 ,1.44 ,1.00 ,1.00 ,0.90 ,1.00 ,-1.83 ,-4.30 ,389.07 ,408.53 ,46.00 ,47.00 ,0.33 ,0.25 ,0.23 ,0.33 ,2.00 ,2.00 ,0,1.00 ,1.00 ,0.00 ,-0.45 
2.20 ,1.93 ,10.00 ,10.00 ,1.37 ,1.44 ,1.00 ,1.00 ,0.90 ,1.00 ,-1.83 ,-4.30 ,389.07 ,408.53 ,46.00 ,47.00 ,0.33 ,0.25 ,0.33 ,0.23 ,2.00 ,2.00 ,0,1.00 ,1.00 ,0.00 ,-0.39 
2.20 ,1.93 ,10.00 ,10.00 ,1.37 ,1.44 ,1.00 ,1.00 ,0.90 ,1.00 ,-1.83 ,-4.30 ,389.07 ,408.53 ,46.00 ,47.00 ,0.33 ,0.25 ,0.45 ,0.45 ,2.00 ,2.00 ,0,1.00 ,1.00 ,0.00 ,-0.49 
2.20 ,1.93 ,10.00 ,10.00 ,1.37 ,1.44 ,1.00 ,1.00 ,0.90 ,1.00 ,-1.83 ,-4.30 ,389.07 ,408.53 ,46.00 ,47.00 ,0.33 ,0.50 ,0.45 ,0.45 ,1.00 ,2.00 ,1,0.00 ,2.00 ,0.00 ,-0.46 
2.20 ,1.93 ,10.00 ,10.00 ,1.37 ,1.44 ,1.00 ,1.00 ,0.90 ,1.00 ,-1.83 ,-4.30 ,389.07 ,408.53 ,46.00 ,47.00 ,0.33 ,0.50 ,0.23 ,0.33 ,1.00 ,2.00 ,1,0.00 ,2.00 ,0.00 ,-0.44 
2.20 ,1.93 ,10.00 ,10.00 ,1.37 ,1.44 ,1.00 ,1.00 ,0.90 ,1.00 ,-1.83 ,-4.30 ,389.07 ,408.53 ,46.00 ,47.00 ,0.33 ,0.50 ,0.45 ,0.45 ,1.00 ,2.00 ,1,0.00 ,2.00 ,0.00 ,-0.48 
2.20 ,1.93 ,10.00 ,10.00 ,1.37 ,1.44 ,1.00 ,1.00 ,0.90 ,1.00 ,-1.83 ,-4.30 ,389.07 ,408.53 ,46.00 ,47.00 ,0.33 ,0.50 ,0.33 ,0.60 ,1.00 ,2.00 ,1,0.00 ,2.00 ,0.00 ,-0.50 
2.20 ,1.93 ,10.00 ,10.00 ,1.37 ,1.44 ,1.00 ,1.00 ,0.90 ,1.00 ,-1.83 ,-4.30 ,389.07 ,408.53 ,46.00 ,47.00 ,0.33 ,0.50 ,0.23 ,0.33 ,1.00 ,2.00 ,1,0.00 ,2.00 ,0.00 ,-0.42 
2.20 ,1.93 ,10.00 ,10.00 ,1.37 ,1.44 ,1.00 ,1.00 ,0.90 ,1.00 ,-1.83 ,-4.30 ,389.07 ,408.53 ,46.00 ,47.00 ,0.33 ,0.50 ,0.45 ,0.45 ,0.00 ,4.00 ,0,1.00 ,0.00 ,1.00 ,-0.27 
2.20 ,1.93 ,10.00 ,10.00 ,1.37 ,1.44 ,1.00 ,1.00 ,0.90 ,1.00 ,-1.83 ,-4.30 ,389.07 ,408.53 ,46.00 ,47.00 ,0.33 ,0.50 ,0.45 ,0.45 ,0.00 ,4.00 ,0,1.00 ,0.00 ,1.00 ,-0.24 
2.20 ,1.93 ,10.00 ,10.00 ,1.37 ,1.44 ,1.00 ,1.00 ,0.90 ,1.00 ,-1.83 ,-4.30 ,389.07 ,408.53 ,46.00 ,47.00 ,0.33 ,0.50 ,0.33 ,0.33 ,0.00 ,4.00 ,0,1.00 ,0.00 ,1.00 ,-0.30 
2.20 ,1.93 ,10.00 ,10.00 ,1.37 ,1.44 ,1.00 ,1.00 ,0.90 ,1.00 ,-1.83 ,-4.30 ,389.07 ,408.53 ,46.00 ,47.00 ,0.33 ,0.50 ,0.23 ,0.33 ,0.00 ,4.00 ,0,1.00 ,0.00 ,1.00 ,-0.23 
2.20 ,1.93 ,10.00 ,10.00 ,1.37 ,1.44 ,1.00 ,1.00 ,0.90 ,1.00 ,-1.83 ,-4.30 ,389.07 ,408.53 ,46.00 ,47.00 ,0.33 ,0.50 ,0.45 ,0.45 ,0.00 ,4.00 ,0,1.00 ,0.00 ,1.00 ,-0.30 
2.20 ,1.93 ,10.00 ,10.00 ,1.37 ,1.44 ,1.00 ,1.00 ,0.90 ,1.00 ,-1.83 ,-4.30 ,389.07 ,408.53 ,46.00 ,47.00 ,0.33 ,0.75 ,0.45 ,0.45 ,0.00 ,2.00 ,2,0.00 ,1.00 ,1.00 ,-0.16 
2.20 ,1.93 ,10.00 ,10.00 ,1.37 ,1.44 ,1.00 ,1.00 ,0.90 ,1.00 ,-1.83 ,-4.30 ,389.07 ,408.53 ,46.00 ,47.00 ,0.33 ,0.75 ,0.23 ,0.33 ,0.00 ,2.00 ,2,0.00 ,1.00 ,1.00 ,-0.13 
2.20 ,1.93 ,10.00 ,10.00 ,1.37 ,1.44 ,1.00 ,1.00 ,0.90 ,1.00 ,-1.83 ,-4.30 ,389.07 ,408.53 ,46.00 ,47.00 ,0.33 ,0.75 ,0.45 ,0.45 ,0.00 ,2.00 ,2,0.00 ,1.00 ,1.00 ,-0.24 
2.20 ,1.93 ,10.00 ,10.00 ,1.37 ,1.44 ,1.00 ,1.00 ,0.90 ,1.00 ,-1.83 ,-4.30 ,389.07 ,408.53 ,46.00 ,47.00 ,0.33 ,0.75 ,0.23 ,0.45 ,0.00 ,2.00 ,2,0.00 ,1.00 ,1.00 ,-0.14 
2.20 ,1.93 ,10.00 ,10.00 ,1.37 ,1.44 ,1.00 ,1.00 ,0.90 ,1.00 ,-1.83 ,-4.30 ,389.07 ,408.53 ,46.00 ,47.00 ,0.33 ,0.75 ,0.33 ,0.33 ,0.00 ,2.00 ,2,0.00 ,1.00 ,1.00 ,-0.19 
2.20 ,1.93 ,10.00 ,10.00 ,1.37 ,1.44 ,1.00 ,1.00 ,0.90 ,1.00 ,-1.83 ,-4.30 ,389.07 ,408.53 ,46.00 ,47.00 ,0.33 ,1.00 ,0.23 ,0.33 ,0.00 ,0.00 ,4,0.00 ,0.00 ,2.00 ,0.25 
2.20 ,1.93 ,10.00 ,10.00 ,1.37 ,1.44 ,1.00 ,1.00 ,0.90 ,1.00 ,-1.83 ,-4.30 ,389.07 ,408.53 ,46.00 ,47.00 ,0.33 ,1.00 ,0.23 ,0.45 ,0.00 ,0.00 ,4,0.00 ,0.00 ,2.00 ,0.30 
2.20 ,1.93 ,10.00 ,10.00 ,1.37 ,1.44 ,1.00 ,1.00 ,0.90 ,1.00 ,-1.83 ,-4.30 ,389.07 ,408.53 ,46.00 ,47.00 ,0.33 ,1.00 ,0.33 ,0.33 ,0.00 ,0.00 ,4,0.00 ,0.00 ,2.00 ,0.34 
2.20 ,1.93 ,10.00 ,10.00 ,1.37 ,1.44 ,1.00 ,1.00 ,0.90 ,1.00 ,-1.83 ,-4.30 ,389.07 ,408.53 ,46.00 ,47.00 ,0.33 ,1.00 ,0.33 ,0.60 ,0.00 ,0.00 ,4,0.00 ,0.00 ,2.00 ,0.23 
2.20 ,1.93 ,10.00 ,10.00 ,1.37 ,1.44 ,1.00 ,1.00 ,0.90 ,1.00 ,-1.83 ,-4.30 ,389.07 ,408.53 ,46.00 ,47.00 ,0.33 ,1.00 ,0.07 ,0.78 ,0.00 ,0.00 ,4,0.00 ,0.00 ,2.00 ,0.26 
2.20 ,1.93 ,10.00 ,10.00 ,1.37 ,1.44 ,1.00 ,1.00 ,0.90 ,1.00 ,-1.83 ,-4.30 ,389.07 ,408.53 ,46.00 ,47.00 ,1.00 ,0.00 ,1.29 ,0.78 ,4.00 ,0.00 ,0,2.00 ,0.00 ,0.00 ,-0.50 
2.20 ,1.93 ,10.00 ,10.00 ,1.37 ,1.44 ,1.00 ,1.00 ,0.90 ,1.00 ,-1.83 ,-4.30 ,389.07 ,408.53 ,46.00 ,47.00 ,1.00 ,0.00 ,1.29 ,1.29 ,4.00 ,0.00 ,0,2.00 ,0.00 ,0.00 ,-0.55 
2.20 ,1.93 ,10.00 ,10.00 ,1.37 ,1.44 ,1.00 ,1.00 ,0.90 ,1.00 ,-1.83 ,-4.30 ,389.07 ,408.53 ,46.00 ,47.00 ,1.00 ,0.00 ,1.67 ,0.78 ,4.00 ,0.00 ,0,2.00 ,0.00 ,0.00 ,-0.45 
2.20 ,1.93 ,10.00 ,10.00 ,1.37 ,1.44 ,1.00 ,1.00 ,0.90 ,1.00 ,-1.83 ,-4.30 ,389.07 ,408.53 ,46.00 ,47.00 ,1.00 ,0.00 ,1.29 ,1.29 ,4.00 ,0.00 ,0,2.00 ,0.00 ,0.00 ,-0.48 
2.20 ,1.93 ,10.00 ,10.00 ,1.37 ,1.44 ,1.00 ,1.00 ,0.90 ,1.00 ,-1.83 ,-4.30 ,389.07 ,408.53 ,46.00 ,47.00 ,1.00 ,0.00 ,1.00 ,0.78 ,4.00 ,0.00 ,0,2.00 ,0.00 ,0.00 ,-0.45 
2.20 ,1.93 ,10.00 ,10.00 ,1.37 ,1.44 ,1.00 ,1.00 ,0.90 ,1.00 ,-1.83 ,-4.30 ,389.07 ,408.53 ,46.00 ,47.00 ,1.00 ,0.25 ,1.29 ,0.78 ,2.00 ,2.00 ,0,1.00 ,1.00 ,0.00 ,-0.49 
2.20 ,1.93 ,10.00 ,10.00 ,1.37 ,1.44 ,1.00 ,1.00 ,0.90 ,1.00 ,-1.83 ,-4.30 ,389.07 ,408.53 ,46.00 ,47.00 ,1.00 ,0.25 ,1.29 ,1.29 ,2.00 ,2.00 ,0,1.00 ,1.00 ,0.00 ,-0.56 
2.20 ,1.93 ,10.00 ,10.00 ,1.37 ,1.44 ,1.00 ,1.00 ,0.90 ,1.00 ,-1.83 ,-4.30 ,389.07 ,408.53 ,46.00 ,47.00 ,1.00 ,0.25 ,1.67 ,0.78 ,2.00 ,2.00 ,0,1.00 ,1.00 ,0.00 ,-0.45 
2.20 ,1.93 ,10.00 ,10.00 ,1.37 ,1.44 ,1.00 ,1.00 ,0.90 ,1.00 ,-1.83 ,-4.30 ,389.07 ,408.53 ,46.00 ,47.00 ,1.00 ,0.25 ,2.20 ,0.45 ,2.00 ,2.00 ,0,1.00 ,1.00 ,0.00 ,-0.48 
2.20 ,1.93 ,10.00 ,10.00 ,1.37 ,1.44 ,1.00 ,1.00 ,0.90 ,1.00 ,-1.83 ,-4.30 ,389.07 ,408.53 ,46.00 ,47.00 ,1.00 ,0.25 ,1.29 ,1.29 ,2.00 ,2.00 ,0,1.00 ,1.00 ,0.00 ,-0.39 
2.20 ,1.93 ,10.00 ,10.00 ,1.37 ,1.44 ,1.00 ,1.00 ,0.90 ,1.00 ,-1.83 ,-4.30 ,389.07 ,408.53 ,46.00 ,47.00 ,1.00 ,0.50 ,1.29 ,0.78 ,1.00 ,2.00 ,1,0.00 ,2.00 ,0.00 ,-0.46 
2.20 ,1.93 ,10.00 ,10.00 ,1.37 ,1.44 ,1.00 ,1.00 ,0.90 ,1.00 ,-1.83 ,-4.30 ,389.07 ,408.53 ,46.00 ,47.00 ,1.00 ,0.50 ,1.29 ,1.29 ,1.00 ,2.00 ,1,0.00 ,2.00 ,0.00 ,-0.50 
2.20 ,1.93 ,10.00 ,10.00 ,1.37 ,1.44 ,1.00 ,1.00 ,0.90 ,1.00 ,-1.83 ,-4.30 ,389.07 ,408.53 ,46.00 ,47.00 ,1.00 ,0.50 ,1.67 ,0.78 ,1.00 ,2.00 ,1,0.00 ,2.00 ,0.00 ,-0.48 
2.20 ,1.93 ,10.00 ,10.00 ,1.37 ,1.44 ,1.00 ,1.00 ,0.90 ,1.00 ,-1.83 ,-4.30 ,389.07 ,408.53 ,46.00 ,47.00 ,1.00 ,0.50 ,1.29 ,1.29 ,1.00 ,2.00 ,1,0.00 ,2.00 ,0.00 ,-0.52 
2.20 ,1.93 ,10.00 ,10.00 ,1.37 ,1.44 ,1.00 ,1.00 ,0.90 ,1.00 ,-1.83 ,-4.30 ,389.07 ,408.53 ,46.00 ,47.00 ,1.00 ,0.50 ,1.00 ,0.78 ,1.00 ,2.00 ,1,0.00 ,2.00 ,0.00 ,-0.55 
2.20 ,1.93 ,10.00 ,10.00 ,1.37 ,1.44 ,1.00 ,1.00 ,0.90 ,1.00 ,-1.83 ,-4.30 ,389.07 ,408.53 ,46.00 ,47.00 ,1.00 ,0.50 ,1.29 ,0.78 ,0.00 ,4.00 ,0,1.00 ,0.00 ,1.00 ,-0.30 
2.20 ,1.93 ,10.00 ,10.00 ,1.37 ,1.44 ,1.00 ,1.00 ,0.90 ,1.00 ,-1.83 ,-4.30 ,389.07 ,408.53 ,46.00 ,47.00 ,1.00 ,0.50 ,1.67 ,0.78 ,0.00 ,4.00 ,0,1.00 ,0.00 ,1.00 ,-0.25 
2.20 ,1.93 ,10.00 ,10.00 ,1.37 ,1.44 ,1.00 ,1.00 ,0.90 ,1.00 ,-1.83 ,-4.30 ,389.07 ,408.53 ,46.00 ,47.00 ,1.00 ,0.50 ,2.20 ,0.45 ,0.00 ,4.00 ,0,1.00 ,0.00 ,1.00 ,-0.30 
2.20 ,1.93 ,10.00 ,10.00 ,1.37 ,1.44 ,1.00 ,1.00 ,0.90 ,1.00 ,-1.83 ,-4.30 ,389.07 ,408.53 ,46.00 ,47.00 ,1.00 ,0.50 ,0.60 ,0.78 ,0.00 ,4.00 ,0,1.00 ,0.00 ,1.00 ,-0.31 
2.20 ,1.93 ,10.00 ,10.00 ,1.37 ,1.44 ,1.00 ,1.00 ,0.90 ,1.00 ,-1.83 ,-4.30 ,389.07 ,408.53 ,46.00 ,47.00 ,1.00 ,0.50 ,0.60 ,1.29 ,0.00 ,4.00 ,0,1.00 ,0.00 ,1.00 ,-0.34 
2.20 ,1.93 ,10.00 ,10.00 ,1.37 ,1.44 ,1.00 ,1.00 ,0.90 ,1.00 ,-1.83 ,-4.30 ,389.07 ,408.53 ,46.00 ,47.00 ,1.00 ,0.75 ,1.29 ,1.29 ,0.00 ,2.00 ,2,0.00 ,1.00 ,1.00 ,-0.22 
2.20 ,1.93 ,10.00 ,10.00 ,1.37 ,1.44 ,1.00 ,1.00 ,0.90 ,1.00 ,-1.83 ,-4.30 ,389.07 ,408.53 ,46.00 ,47.00 ,1.00 ,0.75 ,1.29 ,1.29 ,0.00 ,2.00 ,2,0.00 ,1.00 ,1.00 ,-0.24 
2.20 ,1.93 ,10.00 ,10.00 ,1.37 ,1.44 ,1.00 ,1.00 ,0.90 ,1.00 ,-1.83 ,-4.30 ,389.07 ,408.53 ,46.00 ,47.00 ,1.00 ,0.75 ,1.00 ,0.78 ,0.00 ,2.00 ,2,0.00 ,1.00 ,1.00 ,-0.20 
2.20 ,1.93 ,10.00 ,10.00 ,1.37 ,1.44 ,1.00 ,1.00 ,0.90 ,1.00 ,-1.83 ,-4.30 ,389.07 ,408.53 ,46.00 ,47.00 ,1.00 ,0.75 ,0.60 ,0.78 ,0.00 ,2.00 ,2,0.00 ,1.00 ,1.00 ,-0.12 
2.20 ,1.93 ,10.00 ,10.00 ,1.37 ,1.44 ,1.00 ,1.00 ,0.90 ,1.00 ,-1.83 ,-4.30 ,389.07 ,408.53 ,46.00 ,47.00 ,1.00 ,0.75 ,0.60 ,1.29 ,0.00 ,2.00 ,2,0.00 ,1.00 ,1.00 ,-0.19 
2.20 ,1.93 ,10.00 ,10.00 ,1.37 ,1.44 ,1.00 ,1.00 ,0.90 ,1.00 ,-1.83 ,-4.30 ,389.07 ,408.53 ,46.00 ,47.00 ,1.00 ,1.00 ,0.60 ,0.78 ,0.00 ,0.00 ,4,0.00 ,0.00 ,2.00 ,0.13 
2.20 ,1.93 ,10.00 ,10.00 ,1.37 ,1.44 ,1.00 ,1.00 ,0.90 ,1.00 ,-1.83 ,-4.30 ,389.07 ,408.53 ,46.00 ,47.00 ,1.00 ,1.00 ,1.29 ,1.29 ,0.00 ,0.00 ,4,0.00 ,0.00 ,2.00 ,0.15 
2.20 ,1.93 ,10.00 ,10.00 ,1.37 ,1.44 ,1.00 ,1.00 ,0.90 ,1.00 ,-1.83 ,-4.30 ,389.07 ,408.53 ,46.00 ,47.00 ,1.00 ,1.00 ,0.60 ,0.78 ,0.00 ,0.00 ,4,0.00 ,0.00 ,2.00 ,0.17 
2.20 ,1.93 ,10.00 ,10.00 ,1.37 ,1.44 ,1.00 ,1.00 ,0.90 ,1.00 ,-1.83 ,-4.30 ,389.07 ,408.53 ,46.00 ,47.00 ,1.00 ,1.00 ,0.60 ,1.29 ,0.00 ,0.00 ,4,0.00 ,0.00 ,2.00 ,0.18 
2.20 ,1.93 ,10.00 ,10.00 ,1.37 ,1.44 ,1.00 ,1.00 ,0.90 ,1.00 ,-1.83 ,-4.30 ,389.07 ,408.53 ,46.00 ,47.00 ,1.00 ,1.00 ,0.78 ,1.29 ,0.00 ,0.00 ,4,0.00 ,0.00 ,2.00 ,0.12 
2.20 ,1.93 ,10.00 ,10.00 ,1.37 ,1.44 ,1.00 ,1.00 ,0.90 ,1.00 ,-1.83 ,-4.30 ,389.07 ,408.53 ,46.00 ,47.00 ,3.00 ,0.00 ,2.20 ,2.20 ,4.00 ,0.00 ,0,2.00 ,0.00 ,0.00 ,-0.51 
2.20 ,1.93 ,10.00 ,10.00 ,1.37 ,1.44 ,1.00 ,1.00 ,0.90 ,1.00 ,-1.83 ,-4.30 ,389.07 ,408.53 ,46.00 ,47.00 ,3.00 ,0.00 ,3.00 ,4.33 ,4.00 ,0.00 ,0,2.00 ,0.00 ,0.00 ,-0.51 
2.20 ,1.93 ,10.00 ,10.00 ,1.37 ,1.44 ,1.00 ,1.00 ,0.90 ,1.00 ,-1.83 ,-4.30 ,389.07 ,408.53 ,46.00 ,47.00 ,3.00 ,0.00 ,2.20 ,2.20 ,4.00 ,0.00 ,0,2.00 ,0.00 ,0.00 ,-0.53 
2.20 ,1.93 ,10.00 ,10.00 ,1.37 ,1.44 ,1.00 ,1.00 ,0.90 ,1.00 ,-1.83 ,-4.30 ,389.07 ,408.53 ,46.00 ,47.00 ,3.00 ,0.00 ,2.20 ,3.00 ,4.00 ,0.00 ,0,2.00 ,0.00 ,0.00 ,-0.54 
2.20 ,1.93 ,10.00 ,10.00 ,1.37 ,1.44 ,1.00 ,1.00 ,0.90 ,1.00 ,-1.83 ,-4.30 ,389.07 ,408.53 ,46.00 ,47.00 ,3.00 ,0.00 ,3.00 ,4.33 ,4.00 ,0.00 ,0,2.00 ,0.00 ,0.00 ,-0.53 
2.20 ,1.93 ,10.00 ,10.00 ,1.37 ,1.44 ,1.00 ,1.00 ,0.90 ,1.00 ,-1.83 ,-4.30 ,389.07 ,408.53 ,46.00 ,47.00 ,3.00 ,0.25 ,2.20 ,2.20 ,2.00 ,2.00 ,0,1.00 ,1.00 ,0.00 ,-0.55 
2.20 ,1.93 ,10.00 ,10.00 ,1.37 ,1.44 ,1.00 ,1.00 ,0.90 ,1.00 ,-1.83 ,-4.30 ,389.07 ,408.53 ,46.00 ,47.00 ,3.00 ,0.25 ,3.00 ,4.33 ,2.00 ,2.00 ,0,1.00 ,1.00 ,0.00 ,-0.48 
2.20 ,1.93 ,10.00 ,10.00 ,1.37 ,1.44 ,1.00 ,1.00 ,0.90 ,1.00 ,-1.83 ,-4.30 ,389.07 ,408.53 ,46.00 ,47.00 ,3.00 ,0.25 ,2.20 ,2.20 ,2.00 ,2.00 ,0,1.00 ,1.00 ,0.00 ,-0.43 
2.20 ,1.93 ,10.00 ,10.00 ,1.37 ,1.44 ,1.00 ,1.00 ,0.90 ,1.00 ,-1.83 ,-4.30 ,389.07 ,408.53 ,46.00 ,47.00 ,3.00 ,0.25 ,1.29 ,2.00 ,2.00 ,2.00 ,0,1.00 ,1.00 ,0.00 ,-0.47 
2.20 ,1.93 ,10.00 ,10.00 ,1.37 ,1.44 ,1.00 ,1.00 ,0.90 ,1.00 ,-1.83 ,-4.30 ,389.07 ,408.53 ,46.00 ,47.00 ,3.00 ,0.25 ,2.20 ,3.00 ,2.00 ,2.00 ,0,1.00 ,1.00 ,0.00 ,-0.51 
2.20 ,1.93 ,10.00 ,10.00 ,1.37 ,1.44 ,1.00 ,1.00 ,0.90 ,1.00 ,-1.83 ,-4.30 ,389.07 ,408.53 ,46.00 ,47.00 ,3.00 ,0.50 ,2.20 ,2.20 ,1.00 ,2.00 ,1,0.00 ,2.00 ,0.00 ,-0.50 
2.20 ,1.93 ,10.00 ,10.00 ,1.37 ,1.44 ,1.00 ,1.00 ,0.90 ,1.00 ,-1.83 ,-4.30 ,389.07 ,408.53 ,46.00 ,47.00 ,3.00 ,0.50 ,2.20 ,7.00 ,1.00 ,2.00 ,1,0.00 ,2.00 ,0.00 ,-0.50 
2.20 ,1.93 ,10.00 ,10.00 ,1.37 ,1.44 ,1.00 ,1.00 ,0.90 ,1.00 ,-1.83 ,-4.30 ,389.07 ,408.53 ,46.00 ,47.00 ,3.00 ,0.50 ,3.00 ,3.00 ,1.00 ,2.00 ,1,0.00 ,2.00 ,0.00 ,-0.53 
2.20 ,1.93 ,10.00 ,10.00 ,1.37 ,1.44 ,1.00 ,1.00 ,0.90 ,1.00 ,-1.83 ,-4.30 ,389.07 ,408.53 ,46.00 ,47.00 ,3.00 ,0.50 ,1.29 ,1.67 ,1.00 ,2.00 ,1,0.00 ,2.00 ,0.00 ,-0.48 
2.20 ,1.93 ,10.00 ,10.00 ,1.37 ,1.44 ,1.00 ,1.00 ,0.90 ,1.00 ,-1.83 ,-4.30 ,389.07 ,408.53 ,46.00 ,47.00 ,3.00 ,0.50 ,2.20 ,2.20 ,1.00 ,2.00 ,1,0.00 ,2.00 ,0.00 ,-0.54 
2.20 ,1.93 ,10.00 ,10.00 ,1.37 ,1.44 ,1.00 ,1.00 ,0.90 ,1.00 ,-1.83 ,-4.30 ,389.07 ,408.53 ,46.00 ,47.00 ,3.00 ,0.50 ,1.29 ,1.67 ,0.00 ,4.00 ,0,1.00 ,0.00 ,1.00 ,-0.26 
2.20 ,1.93 ,10.00 ,10.00 ,1.37 ,1.44 ,1.00 ,1.00 ,0.90 ,1.00 ,-1.83 ,-4.30 ,389.07 ,408.53 ,46.00 ,47.00 ,3.00 ,0.50 ,2.20 ,2.20 ,0.00 ,4.00 ,0,1.00 ,0.00 ,1.00 ,-0.34 
2.20 ,1.93 ,10.00 ,10.00 ,1.37 ,1.44 ,1.00 ,1.00 ,0.90 ,1.00 ,-1.83 ,-4.30 ,389.07 ,408.53 ,46.00 ,47.00 ,3.00 ,0.50 ,3.00 ,4.33 ,0.00 ,4.00 ,0,1.00 ,0.00 ,1.00 ,-0.28 
2.20 ,1.93 ,10.00 ,10.00 ,1.37 ,1.44 ,1.00 ,1.00 ,0.90 ,1.00 ,-1.83 ,-4.30 ,389.07 ,408.53 ,46.00 ,47.00 ,3.00 ,0.50 ,2.20 ,2.20 ,0.00 ,4.00 ,0,1.00 ,0.00 ,1.00 ,-0.26 
2.20 ,1.93 ,10.00 ,10.00 ,1.37 ,1.44 ,1.00 ,1.00 ,0.90 ,1.00 ,-1.83 ,-4.30 ,389.07 ,408.53 ,46.00 ,47.00 ,3.00 ,0.50 ,1.29 ,2.00 ,0.00 ,4.00 ,0,1.00 ,0.00 ,1.00 ,-0.28 
2.20 ,1.93 ,10.00 ,10.00 ,1.37 ,1.44 ,1.00 ,1.00 ,0.90 ,1.00 ,-1.83 ,-4.30 ,389.07 ,408.53 ,46.00 ,47.00 ,3.00 ,0.75 ,1.29 ,2.00 ,0.00 ,2.00 ,2,0.00 ,1.00 ,1.00 ,-0.13 
2.20 ,1.93 ,10.00 ,10.00 ,1.37 ,1.44 ,1.00 ,1.00 ,0.90 ,1.00 ,-1.83 ,-4.30 ,389.07 ,408.53 ,46.00 ,47.00 ,3.00 ,0.75 ,2.20 ,2.20 ,0.00 ,2.00 ,2,0.00 ,1.00 ,1.00 ,-0.26 
2.20 ,1.93 ,10.00 ,10.00 ,1.37 ,1.44 ,1.00 ,1.00 ,0.90 ,1.00 ,-1.83 ,-4.30 ,389.07 ,408.53 ,46.00 ,47.00 ,3.00 ,0.75 ,2.20 ,7.00 ,0.00 ,2.00 ,2,0.00 ,1.00 ,1.00 ,-0.19 
2.20 ,1.93 ,10.00 ,10.00 ,1.37 ,1.44 ,1.00 ,1.00 ,0.90 ,1.00 ,-1.83 ,-4.30 ,389.07 ,408.53 ,46.00 ,47.00 ,3.00 ,0.75 ,2.20 ,3.00 ,0.00 ,2.00 ,2,0.00 ,1.00 ,1.00 ,-0.15 
2.20 ,1.93 ,10.00 ,10.00 ,1.37 ,1.44 ,1.00 ,1.00 ,0.90 ,1.00 ,-1.83 ,-4.30 ,389.07 ,408.53 ,46.00 ,47.00 ,3.00 ,0.75 ,3.00 ,4.33 ,0.00 ,2.00 ,2,0.00 ,1.00 ,1.00 ,-0.17 
2.20 ,1.93 ,10.00 ,10.00 ,1.37 ,1.44 ,1.00 ,1.00 ,0.90 ,1.00 ,-1.83 ,-4.30 ,389.07 ,408.53 ,46.00 ,47.00 ,3.00 ,1.00 ,2.20 ,7.00 ,0.00 ,0.00 ,4,0.00 ,0.00 ,2.00 ,0.27 
2.20 ,1.93 ,10.00 ,10.00 ,1.37 ,1.44 ,1.00 ,1.00 ,0.90 ,1.00 ,-1.83 ,-4.30 ,389.07 ,408.53 ,46.00 ,47.00 ,3.00 ,1.00 ,1.29 ,1.67 ,0.00 ,0.00 ,4,0.00 ,0.00 ,2.00 ,0.26 
2.20 ,1.93 ,10.00 ,10.00 ,1.37 ,1.44 ,1.00 ,1.00 ,0.90 ,1.00 ,-1.83 ,-4.30 ,389.07 ,408.53 ,46.00 ,47.00 ,3.00 ,1.00 ,1.67 ,3.00 ,0.00 ,0.00 ,4,0.00 ,0.00 ,2.00 ,0.31 
2.20 ,1.93 ,10.00 ,10.00 ,1.37 ,1.44 ,1.00 ,1.00 ,0.90 ,1.00 ,-1.83 ,-4.30 ,389.07 ,408.53 ,46.00 ,47.00 ,3.00 ,1.00 ,1.67 ,3.00 ,0.00 ,0.00 ,4,0.00 ,0.00 ,2.00 ,0.26 
2.20 ,1.93 ,10.00 ,10.00 ,1.37 ,1.44 ,1.00 ,1.00 ,0.90 ,1.00 ,-1.83 ,-4.30 ,389.07 ,408.53 ,46.00 ,47.00 ,3.00 ,1.00 ,1.00 ,4.33 ,0.00 ,0.00 ,4,0.00 ,0.00 ,2.00 ,0.28 
1.90 ,2.20 ,10.00 ,10.00 ,1.28 ,1.37 ,1.00 ,1.00 ,1.00 ,0.90 ,-2.67 ,-1.83 ,361.49 ,389.07 ,29.00 ,46.00 ,3.00 ,1.00 ,2.20 ,7.00 ,0.00 ,0.00 ,4,0.00 ,0.00 ,2.00 ,-0.34 
1.90 ,2.20 ,10.00 ,10.00 ,1.28 ,1.37 ,1.00 ,1.00 ,1.00 ,0.90 ,-2.67 ,-1.83 ,361.49 ,389.07 ,29.00 ,46.00 ,3.00 ,1.00 ,2.20 ,3.00 ,0.00 ,0.00 ,4,0.00 ,0.00 ,2.00 ,-0.40 
1.90 ,2.20 ,10.00 ,10.00 ,1.28 ,1.37 ,1.00 ,1.00 ,1.00 ,0.90 ,-2.67 ,-1.83 ,361.49 ,389.07 ,29.00 ,46.00 ,3.00 ,1.00 ,1.67 ,3.00 ,0.00 ,0.00 ,4,0.00 ,0.00 ,2.00 ,-0.39 
1.90 ,2.20 ,10.00 ,10.00 ,1.28 ,1.37 ,1.00 ,1.00 ,1.00 ,0.90 ,-2.67 ,-1.83 ,361.49 ,389.07 ,29.00 ,46.00 ,3.00 ,1.00 ,1.67 ,7.00 ,0.00 ,0.00 ,4,0.00 ,0.00 ,2.00 ,-0.43 
1.90 ,2.20 ,10.00 ,10.00 ,1.28 ,1.37 ,1.00 ,1.00 ,1.00 ,0.90 ,-2.67 ,-1.83 ,361.49 ,389.07 ,29.00 ,46.00 ,3.00 ,0.75 ,1.29 ,3.00 ,0.00 ,2.00 ,2.00 ,0.00 ,1.00 ,1.00 ,0.56 
1.90 ,2.20 ,10.00 ,10.00 ,1.28 ,1.37 ,1.00 ,1.00 ,1.00 ,0.90 ,-2.67 ,-1.83 ,361.49 ,389.07 ,29.00 ,46.00 ,3.00 ,0.75 ,3.00 ,4.33 ,0.00 ,2.00 ,2.00 ,0.00 ,1.00 ,1.00 ,0.64 
1.90 ,2.20 ,10.00 ,10.00 ,1.28 ,1.37 ,1.00 ,1.00 ,1.00 ,0.90 ,-2.67 ,-1.83 ,361.49 ,389.07 ,29.00 ,46.00 ,3.00 ,0.75 ,3.00 ,2.20 ,0.00 ,2.00 ,2.00 ,0.00 ,1.00 ,1.00 ,0.62 
1.90 ,2.20 ,10.00 ,10.00 ,1.28 ,1.37 ,1.00 ,1.00 ,1.00 ,0.90 ,-2.67 ,-1.83 ,361.49 ,389.07 ,29.00 ,46.00 ,3.00 ,0.75 ,2.20 ,2.20 ,0.00 ,2.00 ,2.00 ,0.00 ,1.00 ,1.00 ,0.60 
1.90 ,2.20 ,10.00 ,10.00 ,1.28 ,1.37 ,1.00 ,1.00 ,1.00 ,0.90 ,-2.67 ,-1.83 ,361.49 ,389.07 ,29.00 ,46.00 ,3.00 ,0.50 ,3.00 ,3.00 ,1.00 ,2.00 ,1,0.00 ,2.00 ,0.00 ,0.68 
1.90 ,2.20 ,10.00 ,10.00 ,1.28 ,1.37 ,1.00 ,1.00 ,1.00 ,0.90 ,-2.67 ,-1.83 ,361.49 ,389.07 ,29.00 ,46.00 ,3.00 ,0.50 ,1.67 ,3.00 ,1.00 ,2.00 ,1,0.00 ,2.00 ,0.00 ,0.70 
1.90 ,2.20 ,10.00 ,10.00 ,1.28 ,1.37 ,1.00 ,1.00 ,1.00 ,0.90 ,-2.67 ,-1.83 ,361.49 ,389.07 ,29.00 ,46.00 ,3.00 ,0.50 ,2.20 ,2.20 ,1.00 ,2.00 ,1,0.00 ,2.00 ,0.00 ,0.67 
1.90 ,2.20 ,10.00 ,10.00 ,1.28 ,1.37 ,1.00 ,1.00 ,1.00 ,0.90 ,-2.67 ,-1.83 ,361.49 ,389.07 ,29.00 ,46.00 ,3.00 ,0.50 ,1.29 ,3.00 ,1.00 ,2.00 ,1,0.00 ,2.00 ,0.00 ,0.69 
1.90 ,2.20 ,10.00 ,10.00 ,1.28 ,1.37 ,1.00 ,1.00 ,1.00 ,0.90 ,-2.67 ,-1.83 ,361.49 ,389.07 ,29.00 ,46.00 ,3.00 ,0.50 ,3.00 ,4.33 ,1.00 ,2.00 ,1,0.00 ,2.00 ,0.00 ,0.60 
1.90 ,2.20 ,10.00 ,10.00 ,1.28 ,1.37 ,1.00 ,1.00 ,1.00 ,0.90 ,-2.67 ,-1.83 ,361.49 ,389.07 ,29.00 ,46.00 ,3.00 ,0.50 ,1.29 ,3.00 ,0.00 ,4.00 ,0,1.00 ,0.00 ,1.00 ,0.64 
1.90 ,2.20 ,10.00 ,10.00 ,1.28 ,1.37 ,1.00 ,1.00 ,1.00 ,0.90 ,-2.67 ,-1.83 ,361.49 ,389.07 ,29.00 ,46.00 ,3.00 ,0.50 ,2.20 ,2.20 ,0.00 ,4.00 ,0,1.00 ,0.00 ,1.00 ,0.67 
1.90 ,2.20 ,10.00 ,10.00 ,1.28 ,1.37 ,1.00 ,1.00 ,1.00 ,0.90 ,-2.67 ,-1.83 ,361.49 ,389.07 ,29.00 ,46.00 ,3.00 ,0.50 ,2.20 ,2.20 ,0.00 ,4.00 ,0,1.00 ,0.00 ,1.00 ,0.74 
1.90 ,2.20 ,10.00 ,10.00 ,1.28 ,1.37 ,1.00 ,1.00 ,1.00 ,0.90 ,-2.67 ,-1.83 ,361.49 ,389.07 ,29.00 ,46.00 ,3.00 ,0.50 ,3.00 ,2.20 ,0.00 ,4.00 ,0,1.00 ,0.00 ,1.00 ,0.60 
1.90 ,2.20 ,10.00 ,10.00 ,1.28 ,1.37 ,1.00 ,1.00 ,1.00 ,0.90 ,-2.67 ,-1.83 ,361.49 ,389.07 ,29.00 ,46.00 ,3.00 ,0.50 ,1.67 ,3.00 ,0.00 ,4.00 ,0,1.00 ,0.00 ,1.00 ,0.63 
1.90 ,2.20 ,10.00 ,10.00 ,1.28 ,1.37 ,1.00 ,1.00 ,1.00 ,0.90 ,-2.67 ,-1.83 ,361.49 ,389.07 ,29.00 ,46.00 ,3.00 ,0.25 ,3.00 ,3.00 ,2.00 ,2.00 ,0,1.00 ,1.00 ,0.00 ,0.83 
1.90 ,2.20 ,10.00 ,10.00 ,1.28 ,1.37 ,1.00 ,1.00 ,1.00 ,0.90 ,-2.67 ,-1.83 ,361.49 ,389.07 ,29.00 ,46.00 ,3.00 ,0.25 ,1.29 ,3.00 ,2.00 ,2.00 ,0,1.00 ,1.00 ,0.00 ,0.75 
1.90 ,2.20 ,10.00 ,10.00 ,1.28 ,1.37 ,1.00 ,1.00 ,1.00 ,0.90 ,-2.67 ,-1.83 ,361.49 ,389.07 ,29.00 ,46.00 ,3.00 ,0.25 ,4.33 ,3.00 ,2.00 ,2.00 ,0,1.00 ,1.00 ,0.00 ,0.82 
1.90 ,2.20 ,10.00 ,10.00 ,1.28 ,1.37 ,1.00 ,1.00 ,1.00 ,0.90 ,-2.67 ,-1.83 ,361.49 ,389.07 ,29.00 ,46.00 ,3.00 ,0.25 ,1.67 ,3.00 ,2.00 ,2.00 ,0,1.00 ,1.00 ,0.00 ,0.72 
1.90 ,2.20 ,10.00 ,10.00 ,1.28 ,1.37 ,1.00 ,1.00 ,1.00 ,0.90 ,-2.67 ,-1.83 ,361.49 ,389.07 ,29.00 ,46.00 ,3.00 ,0.25 ,3.00 ,4.33 ,2.00 ,2.00 ,0,1.00 ,1.00 ,0.00 ,0.61 
1.90 ,2.20 ,10.00 ,10.00 ,1.28 ,1.37 ,1.00 ,1.00 ,1.00 ,0.90 ,-2.67 ,-1.83 ,361.49 ,389.07 ,29.00 ,46.00 ,3.00 ,0.00 ,3.00 ,3.00 ,4.00 ,0.00 ,0.00 ,2.00 ,0.00 ,0.00 ,0.95 
1.90 ,2.20 ,10.00 ,10.00 ,1.28 ,1.37 ,1.00 ,1.00 ,1.00 ,0.90 ,-2.67 ,-1.83 ,361.49 ,389.07 ,29.00 ,46.00 ,3.00 ,0.00 ,4.33 ,3.00 ,4.00 ,0.00 ,0.00 ,2.00 ,0.00 ,0.00 ,0.92 
1.90 ,2.20 ,10.00 ,10.00 ,1.28 ,1.37 ,1.00 ,1.00 ,1.00 ,0.90 ,-2.67 ,-1.83 ,361.49 ,389.07 ,29.00 ,46.00 ,3.00 ,0.00 ,1.67 ,3.00 ,4.00 ,0.00 ,0.00 ,2.00 ,0.00 ,0.00 ,0.94 
1.90 ,2.20 ,10.00 ,10.00 ,1.28 ,1.37 ,1.00 ,1.00 ,1.00 ,0.90 ,-2.67 ,-1.83 ,361.49 ,389.07 ,29.00 ,46.00 ,3.00 ,0.00 ,3.00 ,4.33 ,4.00 ,0.00 ,0.00 ,2.00 ,0.00 ,0.00 ,0.89 
1.90 ,2.20 ,10.00 ,10.00 ,1.28 ,1.37 ,1.00 ,1.00 ,1.00 ,0.90 ,-2.67 ,-1.83 ,361.49 ,389.07 ,29.00 ,46.00 ,3.00 ,0.00 ,3.00 ,2.20 ,4.00 ,0.00 ,0.00 ,2.00 ,0.00 ,0.00 ,0.84 
1.90 ,2.20 ,10.00 ,10.00 ,1.28 ,1.37 ,1.00 ,1.00 ,1.00 ,0.90 ,-2.67 ,-1.83 ,361.49 ,389.07 ,29.00 ,46.00 ,1.00 ,1.00 ,1.29 ,1.67 ,0.00 ,0.00 ,4,0.00 ,0.00 ,2.00 ,1.08 
1.90 ,2.20 ,10.00 ,10.00 ,1.28 ,1.37 ,1.00 ,1.00 ,1.00 ,0.90 ,-2.67 ,-1.83 ,361.49 ,389.07 ,29.00 ,46.00 ,1.00 ,1.00 ,1.29 ,1.67 ,0.00 ,0.00 ,4,0.00 ,0.00 ,2.00 ,1.08 
1.90 ,2.20 ,10.00 ,10.00 ,1.28 ,1.37 ,1.00 ,1.00 ,1.00 ,0.90 ,-2.67 ,-1.83 ,361.49 ,389.07 ,29.00 ,46.00 ,1.00 ,1.00 ,1.29 ,0.78 ,0.00 ,0.00 ,4,0.00 ,0.00 ,2.00 ,1.02 
1.90 ,2.20 ,10.00 ,10.00 ,1.28 ,1.37 ,1.00 ,1.00 ,1.00 ,0.90 ,-2.67 ,-1.83 ,361.49 ,389.07 ,29.00 ,46.00 ,1.00 ,1.00 ,1.00 ,1.00 ,0.00 ,0.00 ,4,0.00 ,0.00 ,2.00 ,0.93 
1.90 ,2.20 ,10.00 ,10.00 ,1.28 ,1.37 ,1.00 ,1.00 ,1.00 ,0.90 ,-2.67 ,-1.83 ,361.49 ,389.07 ,29.00 ,46.00 ,1.00 ,1.00 ,0.60 ,1.67 ,0.00 ,0.00 ,4,0.00 ,0.00 ,2.00 ,0.98 
1.90 ,2.20 ,10.00 ,10.00 ,1.28 ,1.37 ,1.00 ,1.00 ,1.00 ,0.90 ,-2.67 ,-1.83 ,361.49 ,389.07 ,29.00 ,46.00 ,1.00 ,0.75 ,1.29 ,1.67 ,0.00 ,2.00 ,2.00 ,0.00 ,1.00 ,1.00 ,0.97 
1.90 ,2.20 ,10.00 ,10.00 ,1.28 ,1.37 ,1.00 ,1.00 ,1.00 ,0.90 ,-2.67 ,-1.83 ,361.49 ,389.07 ,29.00 ,46.00 ,1.00 ,0.75 ,1.67 ,1.29 ,0.00 ,2.00 ,2.00 ,0.00 ,1.00 ,1.00 ,0.99 
1.90 ,2.20 ,10.00 ,10.00 ,1.28 ,1.37 ,1.00 ,1.00 ,1.00 ,0.90 ,-2.67 ,-1.83 ,361.49 ,389.07 ,29.00 ,46.00 ,1.00 ,0.75 ,1.29 ,0.78 ,0.00 ,2.00 ,2.00 ,0.00 ,1.00 ,1.00 ,1.09 
1.90 ,2.20 ,10.00 ,10.00 ,1.28 ,1.37 ,1.00 ,1.00 ,1.00 ,0.90 ,-2.67 ,-1.83 ,361.49 ,389.07 ,29.00 ,46.00 ,1.00 ,0.75 ,1.00 ,1.00 ,0.00 ,2.00 ,2.00 ,0.00 ,1.00 ,1.00 ,1.03 
1.90 ,2.20 ,10.00 ,10.00 ,1.28 ,1.37 ,1.00 ,1.00 ,1.00 ,0.90 ,-2.67 ,-1.83 ,361.49 ,389.07 ,29.00 ,46.00 ,1.00 ,0.75 ,0.60 ,1.67 ,0.00 ,2.00 ,2.00 ,0.00 ,1.00 ,1.00 ,0.99 
1.90 ,2.20 ,10.00 ,10.00 ,1.28 ,1.37 ,1.00 ,1.00 ,1.00 ,0.90 ,-2.67 ,-1.83 ,361.49 ,389.07 ,29.00 ,46.00 ,1.00 ,0.50 ,1.29 ,1.67 ,1.00 ,2.00 ,1,0.00 ,2.00 ,0.00 ,1.09 
1.90 ,2.20 ,10.00 ,10.00 ,1.28 ,1.37 ,1.00 ,1.00 ,1.00 ,0.90 ,-2.67 ,-1.83 ,361.49 ,389.07 ,29.00 ,46.00 ,1.00 ,0.50 ,0.60 ,1.00 ,1.00 ,2.00 ,1,0.00 ,2.00 ,0.00 ,0.98 
1.90 ,2.20 ,10.00 ,10.00 ,1.28 ,1.37 ,1.00 ,1.00 ,1.00 ,0.90 ,-2.67 ,-1.83 ,361.49 ,389.07 ,29.00 ,46.00 ,1.00 ,0.50 ,1.29 ,1.67 ,1.00 ,2.00 ,1,0.00 ,2.00 ,0.00 ,1.10 
1.90 ,2.20 ,10.00 ,10.00 ,1.28 ,1.37 ,1.00 ,1.00 ,1.00 ,0.90 ,-2.67 ,-1.83 ,361.49 ,389.07 ,29.00 ,46.00 ,1.00 ,0.50 ,1.67 ,1.29 ,1.00 ,2.00 ,1,0.00 ,2.00 ,0.00 ,1.12 
1.90 ,2.20 ,10.00 ,10.00 ,1.28 ,1.37 ,1.00 ,1.00 ,1.00 ,0.90 ,-2.67 ,-1.83 ,361.49 ,389.07 ,29.00 ,46.00 ,1.00 ,0.50 ,1.29 ,0.78 ,1.00 ,2.00 ,1,0.00 ,2.00 ,0.00 ,1.03 
1.90 ,2.20 ,10.00 ,10.00 ,1.28 ,1.37 ,1.00 ,1.00 ,1.00 ,0.90 ,-2.67 ,-1.83 ,361.49 ,389.07 ,29.00 ,46.00 ,1.00 ,0.50 ,0.60 ,1.00 ,0.00 ,4.00 ,0,1.00 ,0.00 ,1.00 ,0.98 
1.90 ,2.20 ,10.00 ,10.00 ,1.28 ,1.37 ,1.00 ,1.00 ,1.00 ,0.90 ,-2.67 ,-1.83 ,361.49 ,389.07 ,29.00 ,46.00 ,1.00 ,0.50 ,1.00 ,1.00 ,0.00 ,4.00 ,0,1.00 ,0.00 ,1.00 ,0.94 
1.90 ,2.20 ,10.00 ,10.00 ,1.28 ,1.37 ,1.00 ,1.00 ,1.00 ,0.90 ,-2.67 ,-1.83 ,361.49 ,389.07 ,29.00 ,46.00 ,1.00 ,0.50 ,1.29 ,0.60 ,0.00 ,4.00 ,0,1.00 ,0.00 ,1.00 ,0.98 
1.90 ,2.20 ,10.00 ,10.00 ,1.28 ,1.37 ,1.00 ,1.00 ,1.00 ,0.90 ,-2.67 ,-1.83 ,361.49 ,389.07 ,29.00 ,46.00 ,1.00 ,0.50 ,0.60 ,1.67 ,0.00 ,4.00 ,0,1.00 ,0.00 ,1.00 ,0.93 
1.90 ,2.20 ,10.00 ,10.00 ,1.28 ,1.37 ,1.00 ,1.00 ,1.00 ,0.90 ,-2.67 ,-1.83 ,361.49 ,389.07 ,29.00 ,46.00 ,1.00 ,0.50 ,1.29 ,1.29 ,0.00 ,4.00 ,0,1.00 ,0.00 ,1.00 ,0.98 
1.90 ,2.20 ,10.00 ,10.00 ,1.28 ,1.37 ,1.00 ,1.00 ,1.00 ,0.90 ,-2.67 ,-1.83 ,361.49 ,389.07 ,29.00 ,46.00 ,1.00 ,0.25 ,1.29 ,1.67 ,2.00 ,2.00 ,0,1.00 ,1.00 ,0.00 ,1.17 
1.90 ,2.20 ,10.00 ,10.00 ,1.28 ,1.37 ,1.00 ,1.00 ,1.00 ,0.90 ,-2.67 ,-1.83 ,361.49 ,389.07 ,29.00 ,46.00 ,1.00 ,0.25 ,1.29 ,1.67 ,2.00 ,2.00 ,0,1.00 ,1.00 ,0.00 ,1.22 
1.90 ,2.20 ,10.00 ,10.00 ,1.28 ,1.37 ,1.00 ,1.00 ,1.00 ,0.90 ,-2.67 ,-1.83 ,361.49 ,389.07 ,29.00 ,46.00 ,1.00 ,0.25 ,1.67 ,1.29 ,2.00 ,2.00 ,0,1.00 ,1.00 ,0.00 ,1.12 
1.90 ,2.20 ,10.00 ,10.00 ,1.28 ,1.37 ,1.00 ,1.00 ,1.00 ,0.90 ,-2.67 ,-1.83 ,361.49 ,389.07 ,29.00 ,46.00 ,1.00 ,0.25 ,1.29 ,0.78 ,2.00 ,2.00 ,0,1.00 ,1.00 ,0.00 ,1.22 
1.90 ,2.20 ,10.00 ,10.00 ,1.28 ,1.37 ,1.00 ,1.00 ,1.00 ,0.90 ,-2.67 ,-1.83 ,361.49 ,389.07 ,29.00 ,46.00 ,1.00 ,0.25 ,1.00 ,1.00 ,2.00 ,2.00 ,0,1.00 ,1.00 ,0.00 ,1.20 
1.90 ,2.20 ,10.00 ,10.00 ,1.28 ,1.37 ,1.00 ,1.00 ,1.00 ,0.90 ,-2.67 ,-1.83 ,361.49 ,389.07 ,29.00 ,46.00 ,1.00 ,0.00 ,1.67 ,1.29 ,4.00 ,0.00 ,0.00 ,2.00 ,0.00 ,0.00 ,1.29 
1.90 ,2.20 ,10.00 ,10.00 ,1.28 ,1.37 ,1.00 ,1.00 ,1.00 ,0.90 ,-2.67 ,-1.83 ,361.49 ,389.07 ,29.00 ,46.00 ,1.00 ,0.00 ,1.29 ,0.78 ,4.00 ,0.00 ,0.00 ,2.00 ,0.00 ,0.00 ,1.39 
1.90 ,2.20 ,10.00 ,10.00 ,1.28 ,1.37 ,1.00 ,1.00 ,1.00 ,0.90 ,-2.67 ,-1.83 ,361.49 ,389.07 ,29.00 ,46.00 ,1.00 ,0.00 ,1.29 ,0.60 ,4.00 ,0.00 ,0.00 ,2.00 ,0.00 ,0.00 ,1.31 
1.90 ,2.20 ,10.00 ,10.00 ,1.28 ,1.37 ,1.00 ,1.00 ,1.00 ,0.90 ,-2.67 ,-1.83 ,361.49 ,389.07 ,29.00 ,46.00 ,1.00 ,0.00 ,1.29 ,1.67 ,4.00 ,0.00 ,0.00 ,2.00 ,0.00 ,0.00 ,1.41 
1.90 ,2.20 ,10.00 ,10.00 ,1.28 ,1.37 ,1.00 ,1.00 ,1.00 ,0.90 ,-2.67 ,-1.83 ,361.49 ,389.07 ,29.00 ,46.00 ,1.00 ,0.00 ,1.29 ,1.67 ,4.00 ,0.00 ,0.00 ,2.00 ,0.00 ,0.00 ,1.41 
1.90 ,2.20 ,10.00 ,10.00 ,1.28 ,1.37 ,1.00 ,1.00 ,1.00 ,0.90 ,-2.67 ,-1.83 ,361.49 ,389.07 ,29.00 ,46.00 ,0.33 ,1.00 ,0.14 ,0.07 ,0.00 ,0.00 ,4,0.00 ,0.00 ,2.00 ,1.31 
1.90 ,2.20 ,10.00 ,10.00 ,1.28 ,1.37 ,1.00 ,1.00 ,1.00 ,0.90 ,-2.67 ,-1.83 ,361.49 ,389.07 ,29.00 ,46.00 ,0.33 ,1.00 ,0.23 ,0.14 ,0.00 ,0.00 ,4,0.00 ,0.00 ,2.00 ,1.30 
1.90 ,2.20 ,10.00 ,10.00 ,1.28 ,1.37 ,1.00 ,1.00 ,1.00 ,0.90 ,-2.67 ,-1.83 ,361.49 ,389.07 ,29.00 ,46.00 ,0.33 ,1.00 ,0.23 ,0.33 ,0.00 ,0.00 ,4,0.00 ,0.00 ,2.00 ,1.37 
1.90 ,2.20 ,10.00 ,10.00 ,1.28 ,1.37 ,1.00 ,1.00 ,1.00 ,0.90 ,-2.67 ,-1.83 ,361.49 ,389.07 ,29.00 ,46.00 ,0.33 ,1.00 ,0.33 ,0.33 ,0.00 ,0.00 ,4,0.00 ,0.00 ,2.00 ,1.35 
1.90 ,2.20 ,10.00 ,10.00 ,1.28 ,1.37 ,1.00 ,1.00 ,1.00 ,0.90 ,-2.67 ,-1.83 ,361.49 ,389.07 ,29.00 ,46.00 ,0.33 ,1.00 ,0.33 ,0.33 ,0.00 ,0.00 ,4,0.00 ,0.00 ,2.00 ,1.39 
1.90 ,2.20 ,10.00 ,10.00 ,1.28 ,1.37 ,1.00 ,1.00 ,1.00 ,0.90 ,-2.67 ,-1.83 ,361.49 ,389.07 ,29.00 ,46.00 ,0.33 ,0.75 ,0.14 ,0.07 ,0.00 ,2.00 ,2.00 ,0.00 ,1.00 ,1.00 ,1.31 
1.90 ,2.20 ,10.00 ,10.00 ,1.28 ,1.37 ,1.00 ,1.00 ,1.00 ,0.90 ,-2.67 ,-1.83 ,361.49 ,389.07 ,29.00 ,46.00 ,0.33 ,0.75 ,0.23 ,0.14 ,0.00 ,2.00 ,2.00 ,0.00 ,1.00 ,1.00 ,1.34 
1.90 ,2.20 ,10.00 ,10.00 ,1.28 ,1.37 ,1.00 ,1.00 ,1.00 ,0.90 ,-2.67 ,-1.83 ,361.49 ,389.07 ,29.00 ,46.00 ,0.33 ,0.75 ,0.33 ,0.23 ,0.00 ,2.00 ,2.00 ,0.00 ,1.00 ,1.00 ,1.31 
1.90 ,2.20 ,10.00 ,10.00 ,1.28 ,1.37 ,1.00 ,1.00 ,1.00 ,0.90 ,-2.67 ,-1.83 ,361.49 ,389.07 ,29.00 ,46.00 ,0.33 ,0.75 ,0.23 ,0.33 ,0.00 ,2.00 ,2.00 ,0.00 ,1.00 ,1.00 ,1.33 
1.90 ,2.20 ,10.00 ,10.00 ,1.28 ,1.37 ,1.00 ,1.00 ,1.00 ,0.90 ,-2.67 ,-1.83 ,361.49 ,389.07 ,29.00 ,46.00 ,0.33 ,0.75 ,0.33 ,0.33 ,0.00 ,2.00 ,2.00 ,0.00 ,1.00 ,1.00 ,1.35 
1.90 ,2.20 ,10.00 ,10.00 ,1.28 ,1.37 ,1.00 ,1.00 ,1.00 ,0.90 ,-2.67 ,-1.83 ,361.49 ,389.07 ,29.00 ,46.00 ,0.33 ,0.50 ,0.33 ,0.23 ,1.00 ,2.00 ,1,0.00 ,2.00 ,0.00 ,1.36 
1.90 ,2.20 ,10.00 ,10.00 ,1.28 ,1.37 ,1.00 ,1.00 ,1.00 ,0.90 ,-2.67 ,-1.83 ,361.49 ,389.07 ,29.00 ,46.00 ,0.33 ,0.50 ,0.33 ,0.33 ,1.00 ,2.00 ,1,0.00 ,2.00 ,0.00 ,1.32 
1.90 ,2.20 ,10.00 ,10.00 ,1.28 ,1.37 ,1.00 ,1.00 ,1.00 ,0.90 ,-2.67 ,-1.83 ,361.49 ,389.07 ,29.00 ,46.00 ,0.33 ,0.50 ,0.45 ,0.33 ,1.00 ,2.00 ,1,0.00 ,2.00 ,0.00 ,1.34 
1.90 ,2.20 ,10.00 ,10.00 ,1.28 ,1.37 ,1.00 ,1.00 ,1.00 ,0.90 ,-2.67 ,-1.83 ,361.49 ,389.07 ,29.00 ,46.00 ,0.33 ,0.50 ,0.45 ,0.60 ,1.00 ,2.00 ,1,0.00 ,2.00 ,0.00 ,1.41 
1.90 ,2.20 ,10.00 ,10.00 ,1.28 ,1.37 ,1.00 ,1.00 ,1.00 ,0.90 ,-2.67 ,-1.83 ,361.49 ,389.07 ,29.00 ,46.00 ,0.33 ,0.50 ,0.60 ,0.45 ,1.00 ,2.00 ,1,0.00 ,2.00 ,0.00 ,1.42 
1.90 ,2.20 ,10.00 ,10.00 ,1.28 ,1.37 ,1.00 ,1.00 ,1.00 ,0.90 ,-2.67 ,-1.83 ,361.49 ,389.07 ,29.00 ,46.00 ,0.33 ,0.50 ,0.33 ,0.23 ,0.00 ,4.00 ,0,1.00 ,0.00 ,1.00 ,1.32 
1.90 ,2.20 ,10.00 ,10.00 ,1.28 ,1.37 ,1.00 ,1.00 ,1.00 ,0.90 ,-2.67 ,-1.83 ,361.49 ,389.07 ,29.00 ,46.00 ,0.33 ,0.50 ,0.23 ,0.33 ,0.00 ,4.00 ,0,1.00 ,0.00 ,1.00 ,1.38 
1.90 ,2.20 ,10.00 ,10.00 ,1.28 ,1.37 ,1.00 ,1.00 ,1.00 ,0.90 ,-2.67 ,-1.83 ,361.49 ,389.07 ,29.00 ,46.00 ,0.33 ,0.50 ,0.23 ,0.33 ,0.00 ,4.00 ,0,1.00 ,0.00 ,1.00 ,1.31 
1.90 ,2.20 ,10.00 ,10.00 ,1.28 ,1.37 ,1.00 ,1.00 ,1.00 ,0.90 ,-2.67 ,-1.83 ,361.49 ,389.07 ,29.00 ,46.00 ,0.33 ,0.50 ,0.33 ,0.33 ,0.00 ,4.00 ,0,1.00 ,0.00 ,1.00 ,1.42 
1.90 ,2.20 ,10.00 ,10.00 ,1.28 ,1.37 ,1.00 ,1.00 ,1.00 ,0.90 ,-2.67 ,-1.83 ,361.49 ,389.07 ,29.00 ,46.00 ,0.33 ,0.50 ,0.45 ,0.33 ,0.00 ,4.00 ,0,1.00 ,0.00 ,1.00 ,1.33 
1.90 ,2.20 ,10.00 ,10.00 ,1.28 ,1.37 ,1.00 ,1.00 ,1.00 ,0.90 ,-2.67 ,-1.83 ,361.49 ,389.07 ,29.00 ,46.00 ,0.33 ,0.25 ,0.33 ,0.23 ,2.00 ,2.00 ,0,1.00 ,1.00 ,0.00 ,1.59 
1.90 ,2.20 ,10.00 ,10.00 ,1.28 ,1.37 ,1.00 ,1.00 ,1.00 ,0.90 ,-2.67 ,-1.83 ,361.49 ,389.07 ,29.00 ,46.00 ,0.33 ,0.25 ,0.45 ,0.60 ,2.00 ,2.00 ,0,1.00 ,1.00 ,0.00 ,1.62 
1.90 ,2.20 ,10.00 ,10.00 ,1.28 ,1.37 ,1.00 ,1.00 ,1.00 ,0.90 ,-2.67 ,-1.83 ,361.49 ,389.07 ,29.00 ,46.00 ,0.33 ,0.25 ,0.60 ,0.45 ,2.00 ,2.00 ,0,1.00 ,1.00 ,0.00 ,1.60 
1.90 ,2.20 ,10.00 ,10.00 ,1.28 ,1.37 ,1.00 ,1.00 ,1.00 ,0.90 ,-2.67 ,-1.83 ,361.49 ,389.07 ,29.00 ,46.00 ,0.33 ,0.25 ,0.33 ,0.23 ,2.00 ,2.00 ,0,1.00 ,1.00 ,0.00 ,1.52 
1.90 ,2.20 ,10.00 ,10.00 ,1.28 ,1.37 ,1.00 ,1.00 ,1.00 ,0.90 ,-2.67 ,-1.83 ,361.49 ,389.07 ,29.00 ,46.00 ,0.33 ,0.25 ,0.45 ,0.23 ,2.00 ,2.00 ,0,1.00 ,1.00 ,0.00 ,1.56 
1.90 ,2.20 ,10.00 ,10.00 ,1.28 ,1.37 ,1.00 ,1.00 ,1.00 ,0.90 ,-2.67 ,-1.83 ,361.49 ,389.07 ,29.00 ,46.00 ,0.33 ,0.00 ,0.45 ,0.14 ,4.00 ,0.00 ,0.00 ,2.00 ,0.00 ,0.00 ,1.72 
1.90 ,2.20 ,10.00 ,10.00 ,1.28 ,1.37 ,1.00 ,1.00 ,1.00 ,0.90 ,-2.67 ,-1.83 ,361.49 ,389.07 ,29.00 ,46.00 ,0.33 ,0.00 ,0.60 ,0.45 ,4.00 ,0.00 ,0.00 ,2.00 ,0.00 ,0.00 ,1.78 
1.90 ,2.20 ,10.00 ,10.00 ,1.28 ,1.37 ,1.00 ,1.00 ,1.00 ,0.90 ,-2.67 ,-1.83 ,361.49 ,389.07 ,29.00 ,46.00 ,0.33 ,0.00 ,0.78 ,0.33 ,4.00 ,0.00 ,0.00 ,2.00 ,0.00 ,0.00 ,1.74 
1.90 ,2.20 ,10.00 ,10.00 ,1.28 ,1.37 ,1.00 ,1.00 ,1.00 ,0.90 ,-2.67 ,-1.83 ,361.49 ,389.07 ,29.00 ,46.00 ,0.33 ,0.00 ,0.45 ,0.14 ,4.00 ,0.00 ,0.00 ,2.00 ,0.00 ,0.00 ,1.72 
1.90 ,2.20 ,10.00 ,10.00 ,1.28 ,1.37 ,1.00 ,1.00 ,1.00 ,0.90 ,-2.67 ,-1.83 ,361.49 ,389.07 ,29.00 ,46.00 ,0.33 ,0.00 ,0.60 ,0.14 ,4.00 ,0.00 ,0.00 ,2.00 ,0.00 ,0.00 ,1.74 
1.93 ,2.28 ,10.00 ,9.00 ,1.44 ,1.39 ,1.00 ,0.90 ,1.00 ,0.90 ,-4.30 ,-2.25 ,408.53 ,392.42 ,47.00 ,78.00 ,3.00 ,1.00 ,1.29 ,3.00 ,0.00 ,0.00 ,4,0.00 ,0.00 ,2.00 ,-0.80 
1.93 ,2.28 ,10.00 ,9.00 ,1.44 ,1.39 ,1.00 ,0.90 ,1.00 ,0.90 ,-4.30 ,-2.25 ,408.53 ,392.42 ,47.00 ,78.00 ,3.00 ,1.00 ,2.20 ,4.33 ,0.00 ,0.00 ,4,0.00 ,0.00 ,2.00 ,-0.67 
1.93 ,2.28 ,10.00 ,9.00 ,1.44 ,1.39 ,1.00 ,0.90 ,1.00 ,0.90 ,-4.30 ,-2.25 ,408.53 ,392.42 ,47.00 ,78.00 ,3.00 ,1.00 ,1.67 ,3.00 ,0.00 ,0.00 ,4,0.00 ,0.00 ,2.00 ,-0.56 
1.93 ,2.28 ,10.00 ,9.00 ,1.44 ,1.39 ,1.00 ,0.90 ,1.00 ,0.90 ,-4.30 ,-2.25 ,408.53 ,392.42 ,47.00 ,78.00 ,3.00 ,1.00 ,1.29 ,4.33 ,0.00 ,0.00 ,4,0.00 ,0.00 ,2.00 ,-0.69 
1.93 ,2.28 ,10.00 ,9.00 ,1.44 ,1.39 ,1.00 ,0.90 ,1.00 ,0.90 ,-4.30 ,-2.25 ,408.53 ,392.42 ,47.00 ,78.00 ,3.00 ,1.00 ,1.29 ,3.00 ,0.00 ,0.00 ,4,0.00 ,0.00 ,2.00 ,-0.71 
1.93 ,2.28 ,10.00 ,9.00 ,1.44 ,1.39 ,1.00 ,0.90 ,1.00 ,0.90 ,-4.30 ,-2.25 ,408.53 ,392.42 ,47.00 ,78.00 ,3.00 ,0.75 ,3.00 ,3.00 ,0.00 ,2.00 ,2.00 ,0.00 ,1.00 ,1.00 ,-0.55 
1.93 ,2.28 ,10.00 ,9.00 ,1.44 ,1.39 ,1.00 ,0.90 ,1.00 ,0.90 ,-4.30 ,-2.25 ,408.53 ,392.42 ,47.00 ,78.00 ,3.00 ,0.75 ,2.20 ,2.20 ,0.00 ,2.00 ,2.00 ,0.00 ,1.00 ,1.00 ,-0.61 
1.93 ,2.28 ,10.00 ,9.00 ,1.44 ,1.39 ,1.00 ,0.90 ,1.00 ,0.90 ,-4.30 ,-2.25 ,408.53 ,392.42 ,47.00 ,78.00 ,3.00 ,0.75 ,1.67 ,3.00 ,0.00 ,2.00 ,2.00 ,0.00 ,1.00 ,1.00 ,-0.70 
1.93 ,2.28 ,10.00 ,9.00 ,1.44 ,1.39 ,1.00 ,0.90 ,1.00 ,0.90 ,-4.30 ,-2.25 ,408.53 ,392.42 ,47.00 ,78.00 ,3.00 ,0.75 ,1.67 ,2.20 ,0.00 ,2.00 ,2.00 ,0.00 ,1.00 ,1.00 ,-0.60 
1.93 ,2.28 ,10.00 ,9.00 ,1.44 ,1.39 ,1.00 ,0.90 ,1.00 ,0.90 ,-4.30 ,-2.25 ,408.53 ,392.42 ,47.00 ,78.00 ,3.00 ,0.75 ,1.29 ,3.00 ,0.00 ,2.00 ,2.00 ,0.00 ,1.00 ,1.00 ,-0.77 
1.93 ,2.28 ,10.00 ,9.00 ,1.44 ,1.39 ,1.00 ,0.90 ,1.00 ,0.90 ,-4.30 ,-2.25 ,408.53 ,392.42 ,47.00 ,78.00 ,3.00 ,0.50 ,3.00 ,3.00 ,1.00 ,2.00 ,1,0.00 ,2.00 ,0.00 ,-0.64 
1.93 ,2.28 ,10.00 ,9.00 ,1.44 ,1.39 ,1.00 ,0.90 ,1.00 ,0.90 ,-4.30 ,-2.25 ,408.53 ,392.42 ,47.00 ,78.00 ,3.00 ,0.50 ,2.20 ,2.20 ,1.00 ,2.00 ,1,0.00 ,2.00 ,0.00 ,-0.59 
1.93 ,2.28 ,10.00 ,9.00 ,1.44 ,1.39 ,1.00 ,0.90 ,1.00 ,0.90 ,-4.30 ,-2.25 ,408.53 ,392.42 ,47.00 ,78.00 ,3.00 ,0.50 ,1.29 ,3.00 ,1.00 ,2.00 ,1,0.00 ,2.00 ,0.00 ,-0.62 
1.93 ,2.28 ,10.00 ,9.00 ,1.44 ,1.39 ,1.00 ,0.90 ,1.00 ,0.90 ,-4.30 ,-2.25 ,408.53 ,392.42 ,47.00 ,78.00 ,3.00 ,0.50 ,1.67 ,2.20 ,1.00 ,2.00 ,1,0.00 ,2.00 ,0.00 ,-0.77 
1.93 ,2.28 ,10.00 ,9.00 ,1.44 ,1.39 ,1.00 ,0.90 ,1.00 ,0.90 ,-4.30 ,-2.25 ,408.53 ,392.42 ,47.00 ,78.00 ,3.00 ,0.50 ,1.67 ,3.00 ,1.00 ,2.00 ,1,0.00 ,2.00 ,0.00 ,-0.70 
1.93 ,2.28 ,10.00 ,9.00 ,1.44 ,1.39 ,1.00 ,0.90 ,1.00 ,0.90 ,-4.30 ,-2.25 ,408.53 ,392.42 ,47.00 ,78.00 ,3.00 ,0.50 ,1.67 ,3.00 ,0.00 ,4.00 ,0,1.00 ,0.00 ,1.00 ,-0.38 
1.93 ,2.28 ,10.00 ,9.00 ,1.44 ,1.39 ,1.00 ,0.90 ,1.00 ,0.90 ,-4.30 ,-2.25 ,408.53 ,392.42 ,47.00 ,78.00 ,3.00 ,0.50 ,4.33 ,7.00 ,0.00 ,4.00 ,0,1.00 ,0.00 ,1.00 ,-0.38 
1.93 ,2.28 ,10.00 ,9.00 ,1.44 ,1.39 ,1.00 ,0.90 ,1.00 ,0.90 ,-4.30 ,-2.25 ,408.53 ,392.42 ,47.00 ,78.00 ,3.00 ,0.50 ,1.67 ,2.20 ,0.00 ,4.00 ,0,1.00 ,0.00 ,1.00 ,-0.32 
1.93 ,2.28 ,10.00 ,9.00 ,1.44 ,1.39 ,1.00 ,0.90 ,1.00 ,0.90 ,-4.30 ,-2.25 ,408.53 ,392.42 ,47.00 ,78.00 ,3.00 ,0.50 ,4.33 ,1.67 ,0.00 ,4.00 ,0,1.00 ,0.00 ,1.00 ,-0.23 
1.93 ,2.28 ,10.00 ,9.00 ,1.44 ,1.39 ,1.00 ,0.90 ,1.00 ,0.90 ,-4.30 ,-2.25 ,408.53 ,392.42 ,47.00 ,78.00 ,3.00 ,0.50 ,2.20 ,2.20 ,0.00 ,4.00 ,0,1.00 ,0.00 ,1.00 ,-0.44 
1.93 ,2.28 ,10.00 ,9.00 ,1.44 ,1.39 ,1.00 ,0.90 ,1.00 ,0.90 ,-4.30 ,-2.25 ,408.53 ,392.42 ,47.00 ,78.00 ,3.00 ,0.25 ,7.00 ,1.67 ,2.00 ,2.00 ,0,1.00 ,1.00 ,0.00 ,-0.44 
1.93 ,2.28 ,10.00 ,9.00 ,1.44 ,1.39 ,1.00 ,0.90 ,1.00 ,0.90 ,-4.30 ,-2.25 ,408.53 ,392.42 ,47.00 ,78.00 ,3.00 ,0.25 ,3.00 ,3.00 ,2.00 ,2.00 ,0,1.00 ,1.00 ,0.00 ,-0.56 
1.93 ,2.28 ,10.00 ,9.00 ,1.44 ,1.39 ,1.00 ,0.90 ,1.00 ,0.90 ,-4.30 ,-2.25 ,408.53 ,392.42 ,47.00 ,78.00 ,3.00 ,0.25 ,2.20 ,2.20 ,2.00 ,2.00 ,0,1.00 ,1.00 ,0.00 ,-0.44 
1.93 ,2.28 ,10.00 ,9.00 ,1.44 ,1.39 ,1.00 ,0.90 ,1.00 ,0.90 ,-4.30 ,-2.25 ,408.53 ,392.42 ,47.00 ,78.00 ,3.00 ,0.25 ,1.67 ,3.00 ,2.00 ,2.00 ,0,1.00 ,1.00 ,0.00 ,-0.55 
1.93 ,2.28 ,10.00 ,9.00 ,1.44 ,1.39 ,1.00 ,0.90 ,1.00 ,0.90 ,-4.30 ,-2.25 ,408.53 ,392.42 ,47.00 ,78.00 ,3.00 ,0.25 ,7.00 ,4.33 ,2.00 ,2.00 ,0,1.00 ,1.00 ,0.00 ,-0.46 
1.93 ,2.28 ,10.00 ,9.00 ,1.44 ,1.39 ,1.00 ,0.90 ,1.00 ,0.90 ,-4.30 ,-2.25 ,408.53 ,392.42 ,47.00 ,78.00 ,3.00 ,0.00 ,7.00 ,1.67 ,4.00 ,0.00 ,0.00 ,2.00 ,0.00 ,0.00 ,0.19 
1.93 ,2.28 ,10.00 ,9.00 ,1.44 ,1.39 ,1.00 ,0.90 ,1.00 ,0.90 ,-4.30 ,-2.25 ,408.53 ,392.42 ,47.00 ,78.00 ,3.00 ,0.00 ,7.00 ,4.33 ,4.00 ,0.00 ,0.00 ,2.00 ,0.00 ,0.00 ,0.31 
1.93 ,2.28 ,10.00 ,9.00 ,1.44 ,1.39 ,1.00 ,0.90 ,1.00 ,0.90 ,-4.30 ,-2.25 ,408.53 ,392.42 ,47.00 ,78.00 ,3.00 ,0.00 ,1.29 ,3.00 ,4.00 ,0.00 ,0.00 ,2.00 ,0.00 ,0.00 ,0.16 
1.93 ,2.28 ,10.00 ,9.00 ,1.44 ,1.39 ,1.00 ,0.90 ,1.00 ,0.90 ,-4.30 ,-2.25 ,408.53 ,392.42 ,47.00 ,78.00 ,3.00 ,0.00 ,4.33 ,7.00 ,4.00 ,0.00 ,0.00 ,2.00 ,0.00 ,0.00 ,0.34 
1.93 ,2.28 ,10.00 ,9.00 ,1.44 ,1.39 ,1.00 ,0.90 ,1.00 ,0.90 ,-4.30 ,-2.25 ,408.53 ,392.42 ,47.00 ,78.00 ,3.00 ,0.00 ,4.33 ,3.00 ,4.00 ,0.00 ,0.00 ,2.00 ,0.00 ,0.00 ,0.55 
1.93 ,2.28 ,10.00 ,9.00 ,1.44 ,1.39 ,1.00 ,0.90 ,1.00 ,0.90 ,-4.30 ,-2.25 ,408.53 ,392.42 ,47.00 ,78.00 ,1.00 ,1.00 ,1.00 ,1.29 ,0.00 ,0.00 ,4,0.00 ,0.00 ,2.00 ,-0.66 
1.93 ,2.28 ,10.00 ,9.00 ,1.44 ,1.39 ,1.00 ,0.90 ,1.00 ,0.90 ,-4.30 ,-2.25 ,408.53 ,392.42 ,47.00 ,78.00 ,1.00 ,1.00 ,0.60 ,1.29 ,0.00 ,0.00 ,4,0.00 ,0.00 ,2.00 ,-0.71 
1.93 ,2.28 ,10.00 ,9.00 ,1.44 ,1.39 ,1.00 ,0.90 ,1.00 ,0.90 ,-4.30 ,-2.25 ,408.53 ,392.42 ,47.00 ,78.00 ,1.00 ,1.00 ,0.60 ,1.29 ,0.00 ,0.00 ,4,0.00 ,0.00 ,2.00 ,-0.67 
1.93 ,2.28 ,10.00 ,9.00 ,1.44 ,1.39 ,1.00 ,0.90 ,1.00 ,0.90 ,-4.30 ,-2.25 ,408.53 ,392.42 ,47.00 ,78.00 ,1.00 ,1.00 ,0.60 ,1.00 ,0.00 ,0.00 ,4,0.00 ,0.00 ,2.00 ,-0.66 
1.93 ,2.28 ,10.00 ,9.00 ,1.44 ,1.39 ,1.00 ,0.90 ,1.00 ,0.90 ,-4.30 ,-2.25 ,408.53 ,392.42 ,47.00 ,78.00 ,1.00 ,1.00 ,0.89 ,2.00 ,0.00 ,0.00 ,4,0.00 ,0.00 ,2.00 ,-0.56 
1.93 ,2.28 ,10.00 ,9.00 ,1.44 ,1.39 ,1.00 ,0.90 ,1.00 ,0.90 ,-4.30 ,-2.25 ,408.53 ,392.42 ,47.00 ,78.00 ,1.00 ,0.75 ,0.60 ,1.29 ,0.00 ,2.00 ,2.00 ,0.00 ,1.00 ,1.00 ,-0.69 
1.93 ,2.28 ,10.00 ,9.00 ,1.44 ,1.39 ,1.00 ,0.90 ,1.00 ,0.90 ,-4.30 ,-2.25 ,408.53 ,392.42 ,47.00 ,78.00 ,1.00 ,0.75 ,0.60 ,1.29 ,0.00 ,2.00 ,2.00 ,0.00 ,1.00 ,1.00 ,-0.69 
1.93 ,2.28 ,10.00 ,9.00 ,1.44 ,1.39 ,1.00 ,0.90 ,1.00 ,0.90 ,-4.30 ,-2.25 ,408.53 ,392.42 ,47.00 ,78.00 ,1.00 ,0.75 ,0.60 ,1.00 ,0.00 ,2.00 ,2.00 ,0.00 ,1.00 ,1.00 ,-0.74 
1.93 ,2.28 ,10.00 ,9.00 ,1.44 ,1.39 ,1.00 ,0.90 ,1.00 ,0.90 ,-4.30 ,-2.25 ,408.53 ,392.42 ,47.00 ,78.00 ,1.00 ,0.75 ,0.78 ,1.67 ,0.00 ,2.00 ,2.00 ,0.00 ,1.00 ,1.00 ,-0.72 
1.93 ,2.28 ,10.00 ,9.00 ,1.44 ,1.39 ,1.00 ,0.90 ,1.00 ,0.90 ,-4.30 ,-2.25 ,408.53 ,392.42 ,47.00 ,78.00 ,1.00 ,0.75 ,1.29 ,1.00 ,0.00 ,2.00 ,2.00 ,0.00 ,1.00 ,1.00 ,-0.66 
1.93 ,2.28 ,10.00 ,9.00 ,1.44 ,1.39 ,1.00 ,0.90 ,1.00 ,0.90 ,-4.30 ,-2.25 ,408.53 ,392.42 ,47.00 ,78.00 ,1.00 ,0.50 ,0.60 ,1.29 ,1.00 ,2.00 ,1,0.00 ,2.00 ,0.00 ,-0.59 
1.93 ,2.28 ,10.00 ,9.00 ,1.44 ,1.39 ,1.00 ,0.90 ,1.00 ,0.90 ,-4.30 ,-2.25 ,408.53 ,392.42 ,47.00 ,78.00 ,1.00 ,0.50 ,1.00 ,1.29 ,1.00 ,2.00 ,1,0.00 ,2.00 ,0.00 ,-0.66 
1.93 ,2.28 ,10.00 ,9.00 ,1.44 ,1.39 ,1.00 ,0.90 ,1.00 ,0.90 ,-4.30 ,-2.25 ,408.53 ,392.42 ,47.00 ,78.00 ,1.00 ,0.50 ,2.20 ,0.78 ,1.00 ,2.00 ,1,0.00 ,2.00 ,0.00 ,-0.79 
1.93 ,2.28 ,10.00 ,9.00 ,1.44 ,1.39 ,1.00 ,0.90 ,1.00 ,0.90 ,-4.30 ,-2.25 ,408.53 ,392.42 ,47.00 ,78.00 ,1.00 ,0.50 ,0.60 ,1.29 ,1.00 ,2.00 ,1,0.00 ,2.00 ,0.00 ,-0.74 
1.93 ,2.28 ,10.00 ,9.00 ,1.44 ,1.39 ,1.00 ,0.90 ,1.00 ,0.90 ,-4.30 ,-2.25 ,408.53 ,392.42 ,47.00 ,78.00 ,1.00 ,0.50 ,0.60 ,1.00 ,1.00 ,2.00 ,1,0.00 ,2.00 ,0.00 ,-0.67 
1.93 ,2.28 ,10.00 ,9.00 ,1.44 ,1.39 ,1.00 ,0.90 ,1.00 ,0.90 ,-4.30 ,-2.25 ,408.53 ,392.42 ,47.00 ,78.00 ,1.00 ,0.50 ,1.00 ,1.00 ,0.00 ,4.00 ,0,1.00 ,0.00 ,1.00 ,-0.34 
1.93 ,2.28 ,10.00 ,9.00 ,1.44 ,1.39 ,1.00 ,0.90 ,1.00 ,0.90 ,-4.30 ,-2.25 ,408.53 ,392.42 ,47.00 ,78.00 ,1.00 ,0.50 ,1.00 ,1.29 ,0.00 ,4.00 ,0,1.00 ,0.00 ,1.00 ,-0.32 
1.93 ,2.28 ,10.00 ,9.00 ,1.44 ,1.39 ,1.00 ,0.90 ,1.00 ,0.90 ,-4.30 ,-2.25 ,408.53 ,392.42 ,47.00 ,78.00 ,1.00 ,0.50 ,1.29 ,1.00 ,0.00 ,4.00 ,0,1.00 ,0.00 ,1.00 ,-0.27 
1.93 ,2.28 ,10.00 ,9.00 ,1.44 ,1.39 ,1.00 ,0.90 ,1.00 ,0.90 ,-4.30 ,-2.25 ,408.53 ,392.42 ,47.00 ,78.00 ,1.00 ,0.25 ,1.00 ,1.00 ,2.00 ,2.00 ,0,1.00 ,1.00 ,0.00 ,-0.48 
1.93 ,2.28 ,10.00 ,9.00 ,1.44 ,1.39 ,1.00 ,0.90 ,1.00 ,0.90 ,-4.30 ,-2.25 ,408.53 ,392.42 ,47.00 ,78.00 ,1.00 ,0.25 ,1.00 ,1.29 ,2.00 ,2.00 ,0,1.00 ,1.00 ,0.00 ,-0.57 
1.93 ,2.28 ,10.00 ,9.00 ,1.44 ,1.39 ,1.00 ,0.90 ,1.00 ,0.90 ,-4.30 ,-2.25 ,408.53 ,392.42 ,47.00 ,78.00 ,1.00 ,0.25 ,2.20 ,0.78 ,2.00 ,2.00 ,0,1.00 ,1.00 ,0.00 ,-0.61 
1.93 ,2.28 ,10.00 ,9.00 ,1.44 ,1.39 ,1.00 ,0.90 ,1.00 ,0.90 ,-4.30 ,-2.25 ,408.53 ,392.42 ,47.00 ,78.00 ,1.00 ,0.25 ,0.60 ,1.29 ,2.00 ,2.00 ,0,1.00 ,1.00 ,0.00 ,-0.49 
1.93 ,2.28 ,10.00 ,9.00 ,1.44 ,1.39 ,1.00 ,0.90 ,1.00 ,0.90 ,-4.30 ,-2.25 ,408.53 ,392.42 ,47.00 ,78.00 ,1.00 ,0.25 ,1.67 ,0.33 ,2.00 ,2.00 ,0,1.00 ,1.00 ,0.00 ,-0.50 
1.93 ,2.28 ,10.00 ,9.00 ,1.44 ,1.39 ,1.00 ,0.90 ,1.00 ,0.90 ,-4.30 ,-2.25 ,408.53 ,392.42 ,47.00 ,78.00 ,1.00 ,0.00 ,2.20 ,0.78 ,4.00 ,0.00 ,0.00 ,2.00 ,0.00 ,0.00 ,0.27 
1.93 ,2.28 ,10.00 ,9.00 ,1.44 ,1.39 ,1.00 ,0.90 ,1.00 ,0.90 ,-4.30 ,-2.25 ,408.53 ,392.42 ,47.00 ,78.00 ,1.00 ,0.00 ,1.67 ,0.33 ,4.00 ,0.00 ,0.00 ,2.00 ,0.00 ,0.00 ,0.14 
1.93 ,2.28 ,10.00 ,9.00 ,1.44 ,1.39 ,1.00 ,0.90 ,1.00 ,0.90 ,-4.30 ,-2.25 ,408.53 ,392.42 ,47.00 ,78.00 ,1.00 ,0.00 ,1.29 ,1.00 ,4.00 ,0.00 ,0.00 ,2.00 ,0.00 ,0.00 ,0.17 
1.93 ,2.28 ,10.00 ,9.00 ,1.44 ,1.39 ,1.00 ,0.90 ,1.00 ,0.90 ,-4.30 ,-2.25 ,408.53 ,392.42 ,47.00 ,78.00 ,1.00 ,0.00 ,1.29 ,0.78 ,4.00 ,0.00 ,0.00 ,2.00 ,0.00 ,0.00 ,0.29 
1.93 ,2.28 ,10.00 ,9.00 ,1.44 ,1.39 ,1.00 ,0.90 ,1.00 ,0.90 ,-4.30 ,-2.25 ,408.53 ,392.42 ,47.00 ,78.00 ,1.00 ,0.00 ,1.29 ,1.00 ,4.00 ,0.00 ,0.00 ,2.00 ,0.00 ,0.00 ,0.33 
1.93 ,2.28 ,10.00 ,9.00 ,1.44 ,1.39 ,1.00 ,0.90 ,1.00 ,0.90 ,-4.30 ,-2.25 ,408.53 ,392.42 ,47.00 ,78.00 ,0.33 ,1.00 ,0.14 ,0.33 ,0.00 ,0.00 ,4,0.00 ,0.00 ,2.00 ,-0.66 
1.93 ,2.28 ,10.00 ,9.00 ,1.44 ,1.39 ,1.00 ,0.90 ,1.00 ,0.90 ,-4.30 ,-2.25 ,408.53 ,392.42 ,47.00 ,78.00 ,0.33 ,1.00 ,0.23 ,0.45 ,0.00 ,0.00 ,4,0.00 ,0.00 ,2.00 ,-0.55 
1.93 ,2.28 ,10.00 ,9.00 ,1.44 ,1.39 ,1.00 ,0.90 ,1.00 ,0.90 ,-4.30 ,-2.25 ,408.53 ,392.42 ,47.00 ,78.00 ,0.33 ,1.00 ,0.23 ,0.33 ,0.00 ,0.00 ,4,0.00 ,0.00 ,2.00 ,-0.72 
1.93 ,2.28 ,10.00 ,9.00 ,1.44 ,1.39 ,1.00 ,0.90 ,1.00 ,0.90 ,-4.30 ,-2.25 ,408.53 ,392.42 ,47.00 ,78.00 ,0.33 ,1.00 ,0.25 ,0.31 ,0.00 ,0.00 ,4,0.00 ,0.00 ,2.00 ,-0.58 
1.93 ,2.28 ,10.00 ,9.00 ,1.44 ,1.39 ,1.00 ,0.90 ,1.00 ,0.90 ,-4.30 ,-2.25 ,408.53 ,392.42 ,47.00 ,78.00 ,0.33 ,1.00 ,0.60 ,0.45 ,0.00 ,0.00 ,4,0.00 ,0.00 ,2.00 ,-0.69 
1.93 ,2.28 ,10.00 ,9.00 ,1.44 ,1.39 ,1.00 ,0.90 ,1.00 ,0.90 ,-4.30 ,-2.25 ,408.53 ,392.42 ,47.00 ,78.00 ,0.33 ,0.75 ,0.14 ,0.33 ,0.00 ,2.00 ,2.00 ,0.00 ,1.00 ,1.00 ,-0.64 
1.93 ,2.28 ,10.00 ,9.00 ,1.44 ,1.39 ,1.00 ,0.90 ,1.00 ,0.90 ,-4.30 ,-2.25 ,408.53 ,392.42 ,47.00 ,78.00 ,0.33 ,0.75 ,0.23 ,0.45 ,0.00 ,2.00 ,2.00 ,0.00 ,1.00 ,1.00 ,-0.64 
1.93 ,2.28 ,10.00 ,9.00 ,1.44 ,1.39 ,1.00 ,0.90 ,1.00 ,0.90 ,-4.30 ,-2.25 ,408.53 ,392.42 ,47.00 ,78.00 ,0.33 ,0.75 ,0.23 ,0.33 ,0.00 ,2.00 ,2.00 ,0.00 ,1.00 ,1.00 ,-0.73 
1.93 ,2.28 ,10.00 ,9.00 ,1.44 ,1.39 ,1.00 ,0.90 ,1.00 ,0.90 ,-4.30 ,-2.25 ,408.53 ,392.42 ,47.00 ,78.00 ,0.33 ,0.75 ,0.25 ,0.31 ,0.00 ,2.00 ,2.00 ,0.00 ,1.00 ,1.00 ,-0.66 
1.93 ,2.28 ,10.00 ,9.00 ,1.44 ,1.39 ,1.00 ,0.90 ,1.00 ,0.90 ,-4.30 ,-2.25 ,408.53 ,392.42 ,47.00 ,78.00 ,0.33 ,0.75 ,0.60 ,0.45 ,0.00 ,2.00 ,2.00 ,0.00 ,1.00 ,1.00 ,-0.55 
1.93 ,2.28 ,10.00 ,9.00 ,1.44 ,1.39 ,1.00 ,0.90 ,1.00 ,0.90 ,-4.30 ,-2.25 ,408.53 ,392.42 ,47.00 ,78.00 ,0.33 ,0.50 ,0.60 ,0.45 ,1.00 ,2.00 ,1,0.00 ,2.00 ,0.00 ,-0.71 
1.93 ,2.28 ,10.00 ,9.00 ,1.44 ,1.39 ,1.00 ,0.90 ,1.00 ,0.90 ,-4.30 ,-2.25 ,408.53 ,392.42 ,47.00 ,78.00 ,0.33 ,0.50 ,0.60 ,0.33 ,1.00 ,2.00 ,1,0.00 ,2.00 ,0.00 ,-0.66 
1.93 ,2.28 ,10.00 ,9.00 ,1.44 ,1.39 ,1.00 ,0.90 ,1.00 ,0.90 ,-4.30 ,-2.25 ,408.53 ,392.42 ,47.00 ,78.00 ,0.33 ,0.50 ,0.33 ,0.60 ,1.00 ,2.00 ,1,0.00 ,2.00 ,0.00 ,-0.63 
1.93 ,2.28 ,10.00 ,9.00 ,1.44 ,1.39 ,1.00 ,0.90 ,1.00 ,0.90 ,-4.30 ,-2.25 ,408.53 ,392.42 ,47.00 ,78.00 ,0.33 ,0.50 ,0.23 ,0.33 ,1.00 ,2.00 ,1,0.00 ,2.00 ,0.00 ,-0.69 
1.93 ,2.28 ,10.00 ,9.00 ,1.44 ,1.39 ,1.00 ,0.90 ,1.00 ,0.90 ,-4.30 ,-2.25 ,408.53 ,392.42 ,47.00 ,78.00 ,0.33 ,0.50 ,0.23 ,0.33 ,1.00 ,2.00 ,1,0.00 ,2.00 ,0.00 ,-0.65 
1.93 ,2.28 ,10.00 ,9.00 ,1.44 ,1.39 ,1.00 ,0.90 ,1.00 ,0.90 ,-4.30 ,-2.25 ,408.53 ,392.42 ,47.00 ,78.00 ,0.33 ,0.50 ,0.60 ,0.33 ,0.00 ,4.00 ,0,1.00 ,0.00 ,1.00 ,-0.49 
1.93 ,2.28 ,10.00 ,9.00 ,1.44 ,1.39 ,1.00 ,0.90 ,1.00 ,0.90 ,-4.30 ,-2.25 ,408.53 ,392.42 ,47.00 ,78.00 ,0.33 ,0.50 ,0.23 ,0.33 ,0.00 ,4.00 ,0,1.00 ,0.00 ,1.00 ,-0.50 
1.93 ,2.28 ,10.00 ,9.00 ,1.44 ,1.39 ,1.00 ,0.90 ,1.00 ,0.90 ,-4.30 ,-2.25 ,408.53 ,392.42 ,47.00 ,78.00 ,0.33 ,0.50 ,0.60 ,0.23 ,0.00 ,4.00 ,0,1.00 ,0.00 ,1.00 ,-0.64 
1.93 ,2.28 ,10.00 ,9.00 ,1.44 ,1.39 ,1.00 ,0.90 ,1.00 ,0.90 ,-4.30 ,-2.25 ,408.53 ,392.42 ,47.00 ,78.00 ,0.33 ,0.50 ,0.23 ,0.45 ,0.00 ,4.00 ,0,1.00 ,0.00 ,1.00 ,-0.59 
1.93 ,2.28 ,10.00 ,9.00 ,1.44 ,1.39 ,1.00 ,0.90 ,1.00 ,0.90 ,-4.30 ,-2.25 ,408.53 ,392.42 ,47.00 ,78.00 ,0.33 ,0.50 ,0.25 ,0.31 ,0.00 ,4.00 ,0,1.00 ,0.00 ,1.00 ,-0.45 
1.93 ,2.28 ,10.00 ,9.00 ,1.44 ,1.39 ,1.00 ,0.90 ,1.00 ,0.90 ,-4.30 ,-2.25 ,408.53 ,392.42 ,47.00 ,78.00 ,0.33 ,0.25 ,0.60 ,0.33 ,2.00 ,2.00 ,0,1.00 ,1.00 ,0.00 ,-0.52 
1.93 ,2.28 ,10.00 ,9.00 ,1.44 ,1.39 ,1.00 ,0.90 ,1.00 ,0.90 ,-4.30 ,-2.25 ,408.53 ,392.42 ,47.00 ,78.00 ,0.33 ,0.25 ,0.33 ,0.60 ,2.00 ,2.00 ,0,1.00 ,1.00 ,0.00 ,-0.42 
1.93 ,2.28 ,10.00 ,9.00 ,1.44 ,1.39 ,1.00 ,0.90 ,1.00 ,0.90 ,-4.30 ,-2.25 ,408.53 ,392.42 ,47.00 ,78.00 ,0.33 ,0.25 ,0.60 ,0.23 ,2.00 ,2.00 ,0,1.00 ,1.00 ,0.00 ,-0.53 
1.93 ,2.28 ,10.00 ,9.00 ,1.44 ,1.39 ,1.00 ,0.90 ,1.00 ,0.90 ,-4.30 ,-2.25 ,408.53 ,392.42 ,47.00 ,78.00 ,0.33 ,0.25 ,0.33 ,0.23 ,2.00 ,2.00 ,0,1.00 ,1.00 ,0.00 ,-0.48 
1.93 ,2.28 ,10.00 ,9.00 ,1.44 ,1.39 ,1.00 ,0.90 ,1.00 ,0.90 ,-4.30 ,-2.25 ,408.53 ,392.42 ,47.00 ,78.00 ,0.33 ,0.25 ,0.33 ,0.33 ,2.00 ,2.00 ,0,1.00 ,1.00 ,0.00 ,-0.54 
1.93 ,2.28 ,10.00 ,9.00 ,1.44 ,1.39 ,1.00 ,0.90 ,1.00 ,0.90 ,-4.30 ,-2.25 ,408.53 ,392.42 ,47.00 ,78.00 ,0.33 ,0.00 ,0.78 ,0.23 ,4.00 ,0.00 ,0.00 ,2.00 ,0.00 ,0.00 ,0.34 
1.93 ,2.28 ,10.00 ,9.00 ,1.44 ,1.39 ,1.00 ,0.90 ,1.00 ,0.90 ,-4.30 ,-2.25 ,408.53 ,392.42 ,47.00 ,78.00 ,0.33 ,0.00 ,0.45 ,0.45 ,4.00 ,0.00 ,0.00 ,2.00 ,0.00 ,0.00 ,0.31 
1.93 ,2.28 ,10.00 ,9.00 ,1.44 ,1.39 ,1.00 ,0.90 ,1.00 ,0.90 ,-4.30 ,-2.25 ,408.53 ,392.42 ,47.00 ,78.00 ,0.33 ,0.00 ,0.78 ,0.14 ,4.00 ,0.00 ,0.00 ,2.00 ,0.00 ,0.00 ,0.32 
1.93 ,2.28 ,10.00 ,9.00 ,1.44 ,1.39 ,1.00 ,0.90 ,1.00 ,0.90 ,-4.30 ,-2.25 ,408.53 ,392.42 ,47.00 ,78.00 ,0.33 ,0.00 ,0.45 ,0.23 ,4.00 ,0.00 ,0.00 ,2.00 ,0.00 ,0.00 ,0.15 
2.28 ,2.54 ,9.00 ,10.00 ,1.39 ,1.44 ,0.90 ,1.00 ,0.90 ,1.00 ,-2.25 ,-3.56 ,392.42 ,407.82 ,78.00 ,79.00 ,0.33 ,1.00 ,0.14 ,0.60 ,0.00 ,0.00 ,4,0.00 ,0.00 ,2.00 ,0.15 
2.28 ,2.54 ,9.00 ,10.00 ,1.39 ,1.44 ,0.90 ,1.00 ,0.90 ,1.00 ,-2.25 ,-3.56 ,392.42 ,407.82 ,78.00 ,79.00 ,0.33 ,1.00 ,0.60 ,0.33 ,0.00 ,0.00 ,4,0.00 ,0.00 ,2.00 ,-0.10 
2.28 ,2.54 ,9.00 ,10.00 ,1.39 ,1.44 ,0.90 ,1.00 ,0.90 ,1.00 ,-2.25 ,-3.56 ,392.42 ,407.82 ,78.00 ,79.00 ,0.33 ,1.00 ,0.14 ,0.78 ,0.00 ,0.00 ,4,0.00 ,0.00 ,2.00 ,0.10 
2.28 ,2.54 ,9.00 ,10.00 ,1.39 ,1.44 ,0.90 ,1.00 ,0.90 ,1.00 ,-2.25 ,-3.56 ,392.42 ,407.82 ,78.00 ,79.00 ,0.33 ,1.00 ,0.23 ,0.78 ,0.00 ,0.00 ,4,0.00 ,0.00 ,2.00 ,0.10 
2.28 ,2.54 ,9.00 ,10.00 ,1.39 ,1.44 ,0.90 ,1.00 ,0.90 ,1.00 ,-2.25 ,-3.56 ,392.42 ,407.82 ,78.00 ,79.00 ,0.33 ,1.00 ,0.33 ,0.45 ,0.00 ,0.00 ,4,0.00 ,0.00 ,2.00 ,0.10 
2.28 ,2.54 ,9.00 ,10.00 ,1.39 ,1.44 ,0.90 ,1.00 ,0.90 ,1.00 ,-2.25 ,-3.56 ,392.42 ,407.82 ,78.00 ,79.00 ,0.33 ,0.75 ,0.14 ,0.60 ,0.00 ,2.00 ,2.00 ,0.00 ,1.00 ,1.00 ,-0.36 
2.28 ,2.54 ,9.00 ,10.00 ,1.39 ,1.44 ,0.90 ,1.00 ,0.90 ,1.00 ,-2.25 ,-3.56 ,392.42 ,407.82 ,78.00 ,79.00 ,0.33 ,0.75 ,0.60 ,0.33 ,0.00 ,2.00 ,2.00 ,0.00 ,1.00 ,1.00 ,-0.47 
2.28 ,2.54 ,9.00 ,10.00 ,1.39 ,1.44 ,0.90 ,1.00 ,0.90 ,1.00 ,-2.25 ,-3.56 ,392.42 ,407.82 ,78.00 ,79.00 ,0.33 ,0.75 ,0.60 ,0.45 ,0.00 ,2.00 ,2.00 ,0.00 ,1.00 ,1.00 ,-0.50 
2.28 ,2.54 ,9.00 ,10.00 ,1.39 ,1.44 ,0.90 ,1.00 ,0.90 ,1.00 ,-2.25 ,-3.56 ,392.42 ,407.82 ,78.00 ,79.00 ,0.33 ,0.75 ,0.14 ,0.78 ,0.00 ,2.00 ,2.00 ,0.00 ,1.00 ,1.00 ,-0.42 
2.28 ,2.54 ,9.00 ,10.00 ,1.39 ,1.44 ,0.90 ,1.00 ,0.90 ,1.00 ,-2.25 ,-3.56 ,392.42 ,407.82 ,78.00 ,79.00 ,0.33 ,0.75 ,0.23 ,0.78 ,0.00 ,2.00 ,2.00 ,0.00 ,1.00 ,1.00 ,-0.50 
2.28 ,2.54 ,9.00 ,10.00 ,1.39 ,1.44 ,0.90 ,1.00 ,0.90 ,1.00 ,-2.25 ,-3.56 ,392.42 ,407.82 ,78.00 ,79.00 ,0.33 ,0.50 ,0.60 ,0.33 ,1.00 ,2.00 ,1,0.00 ,2.00 ,0.00 ,-0.66 
2.28 ,2.54 ,9.00 ,10.00 ,1.39 ,1.44 ,0.90 ,1.00 ,0.90 ,1.00 ,-2.25 ,-3.56 ,392.42 ,407.82 ,78.00 ,79.00 ,0.33 ,0.50 ,0.60 ,0.45 ,1.00 ,2.00 ,1,0.00 ,2.00 ,0.00 ,-0.63 
2.28 ,2.54 ,9.00 ,10.00 ,1.39 ,1.44 ,0.90 ,1.00 ,0.90 ,1.00 ,-2.25 ,-3.56 ,392.42 ,407.82 ,78.00 ,79.00 ,0.33 ,0.50 ,0.60 ,0.23 ,1.00 ,2.00 ,1,0.00 ,2.00 ,0.00 ,-0.61 
2.28 ,2.54 ,9.00 ,10.00 ,1.39 ,1.44 ,0.90 ,1.00 ,0.90 ,1.00 ,-2.25 ,-3.56 ,392.42 ,407.82 ,78.00 ,79.00 ,0.33 ,0.50 ,0.45 ,0.33 ,1.00 ,2.00 ,1,0.00 ,2.00 ,0.00 ,-0.69 
2.28 ,2.54 ,9.00 ,10.00 ,1.39 ,1.44 ,0.90 ,1.00 ,0.90 ,1.00 ,-2.25 ,-3.56 ,392.42 ,407.82 ,78.00 ,79.00 ,0.33 ,0.50 ,0.45 ,0.33 ,1.00 ,2.00 ,1,0.00 ,2.00 ,0.00 ,-0.70 
2.28 ,2.54 ,9.00 ,10.00 ,1.39 ,1.44 ,0.90 ,1.00 ,0.90 ,1.00 ,-2.25 ,-3.56 ,392.42 ,407.82 ,78.00 ,79.00 ,0.33 ,0.50 ,0.33 ,0.45 ,0.00 ,4.00 ,0,1.00 ,0.00 ,1.00 ,-0.22 
2.28 ,2.54 ,9.00 ,10.00 ,1.39 ,1.44 ,0.90 ,1.00 ,0.90 ,1.00 ,-2.25 ,-3.56 ,392.42 ,407.82 ,78.00 ,79.00 ,0.33 ,0.50 ,0.45 ,0.07 ,0.00 ,4.00 ,0,1.00 ,0.00 ,1.00 ,-0.44 
2.28 ,2.54 ,9.00 ,10.00 ,1.39 ,1.44 ,0.90 ,1.00 ,0.90 ,1.00 ,-2.25 ,-3.56 ,392.42 ,407.82 ,78.00 ,79.00 ,0.33 ,0.50 ,0.60 ,0.33 ,0.00 ,4.00 ,0,1.00 ,0.00 ,1.00 ,-0.43 
2.28 ,2.54 ,9.00 ,10.00 ,1.39 ,1.44 ,0.90 ,1.00 ,0.90 ,1.00 ,-2.25 ,-3.56 ,392.42 ,407.82 ,78.00 ,79.00 ,0.33 ,0.50 ,0.45 ,0.33 ,0.00 ,4.00 ,0,1.00 ,0.00 ,1.00 ,-0.51 
2.28 ,2.54 ,9.00 ,10.00 ,1.39 ,1.44 ,0.90 ,1.00 ,0.90 ,1.00 ,-2.25 ,-3.56 ,392.42 ,407.82 ,78.00 ,79.00 ,0.33 ,0.50 ,0.45 ,0.45 ,0.00 ,4.00 ,0,1.00 ,0.00 ,1.00 ,-0.44 
2.28 ,2.54 ,9.00 ,10.00 ,1.39 ,1.44 ,0.90 ,1.00 ,0.90 ,1.00 ,-2.25 ,-3.56 ,392.42 ,407.82 ,78.00 ,79.00 ,0.33 ,0.25 ,0.60 ,0.45 ,2.00 ,2.00 ,0,1.00 ,1.00 ,0.00 ,-0.65 
2.28 ,2.54 ,9.00 ,10.00 ,1.39 ,1.44 ,0.90 ,1.00 ,0.90 ,1.00 ,-2.25 ,-3.56 ,392.42 ,407.82 ,78.00 ,79.00 ,0.33 ,0.25 ,0.60 ,0.23 ,2.00 ,2.00 ,0,1.00 ,1.00 ,0.00 ,-0.59 
2.28 ,2.54 ,9.00 ,10.00 ,1.39 ,1.44 ,0.90 ,1.00 ,0.90 ,1.00 ,-2.25 ,-3.56 ,392.42 ,407.82 ,78.00 ,79.00 ,0.33 ,0.25 ,0.45 ,0.07 ,2.00 ,2.00 ,0,1.00 ,1.00 ,0.00 ,-0.55 
2.28 ,2.54 ,9.00 ,10.00 ,1.39 ,1.44 ,0.90 ,1.00 ,0.90 ,1.00 ,-2.25 ,-3.56 ,392.42 ,407.82 ,78.00 ,79.00 ,0.33 ,0.25 ,0.60 ,0.33 ,2.00 ,2.00 ,0,1.00 ,1.00 ,0.00 ,-0.68 
2.28 ,2.54 ,9.00 ,10.00 ,1.39 ,1.44 ,0.90 ,1.00 ,0.90 ,1.00 ,-2.25 ,-3.56 ,392.42 ,407.82 ,78.00 ,79.00 ,0.33 ,0.25 ,0.23 ,0.78 ,2.00 ,2.00 ,0,1.00 ,1.00 ,0.00 ,-0.60 
2.28 ,2.54 ,9.00 ,10.00 ,1.39 ,1.44 ,0.90 ,1.00 ,0.90 ,1.00 ,-2.25 ,-3.56 ,392.42 ,407.82 ,78.00 ,79.00 ,0.33 ,0.00 ,0.78 ,0.23 ,4.00 ,0.00 ,0.00 ,2.00 ,0.00 ,0.00 ,-0.65 
2.28 ,2.54 ,9.00 ,10.00 ,1.39 ,1.44 ,0.90 ,1.00 ,0.90 ,1.00 ,-2.25 ,-3.56 ,392.42 ,407.82 ,78.00 ,79.00 ,0.33 ,0.00 ,0.78 ,0.33 ,4.00 ,0.00 ,0.00 ,2.00 ,0.00 ,0.00 ,-0.66 
2.28 ,2.54 ,9.00 ,10.00 ,1.39 ,1.44 ,0.90 ,1.00 ,0.90 ,1.00 ,-2.25 ,-3.56 ,392.42 ,407.82 ,78.00 ,79.00 ,0.33 ,0.00 ,0.78 ,0.14 ,4.00 ,0.00 ,0.00 ,2.00 ,0.00 ,0.00 ,-0.66 
2.28 ,2.54 ,9.00 ,10.00 ,1.39 ,1.44 ,0.90 ,1.00 ,0.90 ,1.00 ,-2.25 ,-3.56 ,392.42 ,407.82 ,78.00 ,79.00 ,0.33 ,0.00 ,0.60 ,0.00 ,4.00 ,0.00 ,0.00 ,2.00 ,0.00 ,0.00 ,-0.57 
2.28 ,2.54 ,9.00 ,10.00 ,1.39 ,1.44 ,0.90 ,1.00 ,0.90 ,1.00 ,-2.25 ,-3.56 ,392.42 ,407.82 ,78.00 ,79.00 ,0.33 ,0.00 ,0.33 ,0.60 ,4.00 ,0.00 ,0.00 ,2.00 ,0.00 ,0.00 ,-0.59 
2.28 ,2.54 ,9.00 ,10.00 ,1.39 ,1.44 ,0.90 ,1.00 ,0.90 ,1.00 ,-2.25 ,-3.56 ,392.42 ,407.82 ,78.00 ,79.00 ,1.00 ,1.00 ,0.78 ,0.78 ,0.00 ,0.00 ,4,0.00 ,0.00 ,2.00 ,0.01 
2.28 ,2.54 ,9.00 ,10.00 ,1.39 ,1.44 ,0.90 ,1.00 ,0.90 ,1.00 ,-2.25 ,-3.56 ,392.42 ,407.82 ,78.00 ,79.00 ,1.00 ,1.00 ,1.00 ,1.29 ,0.00 ,0.00 ,4,0.00 ,0.00 ,2.00 ,-0.05 
2.28 ,2.54 ,9.00 ,10.00 ,1.39 ,1.44 ,0.90 ,1.00 ,0.90 ,1.00 ,-2.25 ,-3.56 ,392.42 ,407.82 ,78.00 ,79.00 ,1.00 ,1.00 ,0.78 ,2.20 ,0.00 ,0.00 ,4,0.00 ,0.00 ,2.00 ,0.03 
2.28 ,2.54 ,9.00 ,10.00 ,1.39 ,1.44 ,0.90 ,1.00 ,0.90 ,1.00 ,-2.25 ,-3.56 ,392.42 ,407.82 ,78.00 ,79.00 ,1.00 ,1.00 ,1.00 ,2.20 ,0.00 ,0.00 ,4,0.00 ,0.00 ,2.00 ,-0.04 
2.28 ,2.54 ,9.00 ,10.00 ,1.39 ,1.44 ,0.90 ,1.00 ,0.90 ,1.00 ,-2.25 ,-3.56 ,392.42 ,407.82 ,78.00 ,79.00 ,1.00 ,1.00 ,0.78 ,0.60 ,0.00 ,0.00 ,4,0.00 ,0.00 ,2.00 ,0.04 
2.28 ,2.54 ,9.00 ,10.00 ,1.39 ,1.44 ,0.90 ,1.00 ,0.90 ,1.00 ,-2.25 ,-3.56 ,392.42 ,407.82 ,78.00 ,79.00 ,1.00 ,0.75 ,0.78 ,0.78 ,0.00 ,2.00 ,2.00 ,0.00 ,1.00 ,1.00 ,-0.41 
2.28 ,2.54 ,9.00 ,10.00 ,1.39 ,1.44 ,0.90 ,1.00 ,0.90 ,1.00 ,-2.25 ,-3.56 ,392.42 ,407.82 ,78.00 ,79.00 ,1.00 ,0.75 ,1.00 ,1.67 ,0.00 ,2.00 ,2.00 ,0.00 ,1.00 ,1.00 ,-0.44 
2.28 ,2.54 ,9.00 ,10.00 ,1.39 ,1.44 ,0.90 ,1.00 ,0.90 ,1.00 ,-2.25 ,-3.56 ,392.42 ,407.82 ,78.00 ,79.00 ,1.00 ,0.75 ,1.00 ,1.29 ,0.00 ,2.00 ,2.00 ,0.00 ,1.00 ,1.00 ,-0.49 
2.28 ,2.54 ,9.00 ,10.00 ,1.39 ,1.44 ,0.90 ,1.00 ,0.90 ,1.00 ,-2.25 ,-3.56 ,392.42 ,407.82 ,78.00 ,79.00 ,1.00 ,0.75 ,1.29 ,1.67 ,0.00 ,2.00 ,2.00 ,0.00 ,1.00 ,1.00 ,-0.52 
2.28 ,2.54 ,9.00 ,10.00 ,1.39 ,1.44 ,0.90 ,1.00 ,0.90 ,1.00 ,-2.25 ,-3.56 ,392.42 ,407.82 ,78.00 ,79.00 ,1.00 ,0.75 ,1.00 ,0.45 ,0.00 ,2.00 ,2.00 ,0.00 ,1.00 ,1.00 ,-0.46 
2.28 ,2.54 ,9.00 ,10.00 ,1.39 ,1.44 ,0.90 ,1.00 ,0.90 ,1.00 ,-2.25 ,-3.56 ,392.42 ,407.82 ,78.00 ,79.00 ,1.00 ,0.50 ,0.78 ,0.78 ,1.00 ,2.00 ,1,0.00 ,2.00 ,0.00 ,-0.52 
2.28 ,2.54 ,9.00 ,10.00 ,1.39 ,1.44 ,0.90 ,1.00 ,0.90 ,1.00 ,-2.25 ,-3.56 ,392.42 ,407.82 ,78.00 ,79.00 ,1.00 ,0.50 ,1.00 ,0.78 ,1.00 ,2.00 ,1,0.00 ,2.00 ,0.00 ,-0.67 
2.28 ,2.54 ,9.00 ,10.00 ,1.39 ,1.44 ,0.90 ,1.00 ,0.90 ,1.00 ,-2.25 ,-3.56 ,392.42 ,407.82 ,78.00 ,79.00 ,1.00 ,0.50 ,1.00 ,1.67 ,1.00 ,2.00 ,1,0.00 ,2.00 ,0.00 ,-0.58 
2.28 ,2.54 ,9.00 ,10.00 ,1.39 ,1.44 ,0.90 ,1.00 ,0.90 ,1.00 ,-2.25 ,-3.56 ,392.42 ,407.82 ,78.00 ,79.00 ,1.00 ,0.50 ,1.00 ,1.29 ,1.00 ,2.00 ,1,0.00 ,2.00 ,0.00 ,-0.67 
2.28 ,2.54 ,9.00 ,10.00 ,1.39 ,1.44 ,0.90 ,1.00 ,0.90 ,1.00 ,-2.25 ,-3.56 ,392.42 ,407.82 ,78.00 ,79.00 ,1.00 ,0.50 ,1.29 ,1.67 ,1.00 ,2.00 ,1,0.00 ,2.00 ,0.00 ,-0.67 
2.28 ,2.54 ,9.00 ,10.00 ,1.39 ,1.44 ,0.90 ,1.00 ,0.90 ,1.00 ,-2.25 ,-3.56 ,392.42 ,407.82 ,78.00 ,79.00 ,1.00 ,0.50 ,0.78 ,0.78 ,0.00 ,4.00 ,0,1.00 ,0.00 ,1.00 ,-0.29 
2.28 ,2.54 ,9.00 ,10.00 ,1.39 ,1.44 ,0.90 ,1.00 ,0.90 ,1.00 ,-2.25 ,-3.56 ,392.42 ,407.82 ,78.00 ,79.00 ,1.00 ,0.50 ,1.00 ,1.67 ,0.00 ,4.00 ,0,1.00 ,0.00 ,1.00 ,-0.44 
2.28 ,2.54 ,9.00 ,10.00 ,1.39 ,1.44 ,0.90 ,1.00 ,0.90 ,1.00 ,-2.25 ,-3.56 ,392.42 ,407.82 ,78.00 ,79.00 ,1.00 ,0.50 ,1.00 ,1.29 ,0.00 ,4.00 ,0,1.00 ,0.00 ,1.00 ,-0.39 
2.28 ,2.54 ,9.00 ,10.00 ,1.39 ,1.44 ,0.90 ,1.00 ,0.90 ,1.00 ,-2.25 ,-3.56 ,392.42 ,407.82 ,78.00 ,79.00 ,1.00 ,0.50 ,1.67 ,0.60 ,0.00 ,4.00 ,0,1.00 ,0.00 ,1.00 ,-0.46 
2.28 ,2.54 ,9.00 ,10.00 ,1.39 ,1.44 ,0.90 ,1.00 ,0.90 ,1.00 ,-2.25 ,-3.56 ,392.42 ,407.82 ,78.00 ,79.00 ,1.00 ,0.50 ,1.00 ,0.78 ,0.00 ,4.00 ,0,1.00 ,0.00 ,1.00 ,-0.44 
2.28 ,2.54 ,9.00 ,10.00 ,1.39 ,1.44 ,0.90 ,1.00 ,0.90 ,1.00 ,-2.25 ,-3.56 ,392.42 ,407.82 ,78.00 ,79.00 ,1.00 ,0.25 ,0.78 ,0.78 ,2.00 ,2.00 ,0,1.00 ,1.00 ,0.00 ,-0.71 
2.28 ,2.54 ,9.00 ,10.00 ,1.39 ,1.44 ,0.90 ,1.00 ,0.90 ,1.00 ,-2.25 ,-3.56 ,392.42 ,407.82 ,78.00 ,79.00 ,1.00 ,0.25 ,1.00 ,0.78 ,2.00 ,2.00 ,0,1.00 ,1.00 ,0.00 ,-0.63 
2.28 ,2.54 ,9.00 ,10.00 ,1.39 ,1.44 ,0.90 ,1.00 ,0.90 ,1.00 ,-2.25 ,-3.56 ,392.42 ,407.82 ,78.00 ,79.00 ,1.00 ,0.25 ,1.00 ,1.67 ,2.00 ,2.00 ,0,1.00 ,1.00 ,0.00 ,-0.60 
2.28 ,2.54 ,9.00 ,10.00 ,1.39 ,1.44 ,0.90 ,1.00 ,0.90 ,1.00 ,-2.25 ,-3.56 ,392.42 ,407.82 ,78.00 ,79.00 ,1.00 ,0.25 ,1.00 ,1.29 ,2.00 ,2.00 ,0,1.00 ,1.00 ,0.00 ,-0.69 
2.28 ,2.54 ,9.00 ,10.00 ,1.39 ,1.44 ,0.90 ,1.00 ,0.90 ,1.00 ,-2.25 ,-3.56 ,392.42 ,407.82 ,78.00 ,79.00 ,1.00 ,0.25 ,1.29 ,1.67 ,2.00 ,2.00 ,0,1.00 ,1.00 ,0.00 ,-0.60 
2.28 ,2.54 ,9.00 ,10.00 ,1.39 ,1.44 ,0.90 ,1.00 ,0.90 ,1.00 ,-2.25 ,-3.56 ,392.42 ,407.82 ,78.00 ,79.00 ,1.00 ,0.00 ,1.00 ,1.67 ,4.00 ,0.00 ,0.00 ,2.00 ,0.00 ,0.00 ,-0.56 
2.28 ,2.54 ,9.00 ,10.00 ,1.39 ,1.44 ,0.90 ,1.00 ,0.90 ,1.00 ,-2.25 ,-3.56 ,392.42 ,407.82 ,78.00 ,79.00 ,1.00 ,0.00 ,1.67 ,1.67 ,4.00 ,0.00 ,0.00 ,2.00 ,0.00 ,0.00 ,-0.60 
2.28 ,2.54 ,9.00 ,10.00 ,1.39 ,1.44 ,0.90 ,1.00 ,0.90 ,1.00 ,-2.25 ,-3.56 ,392.42 ,407.82 ,78.00 ,79.00 ,1.00 ,0.00 ,2.20 ,0.45 ,4.00 ,0.00 ,0.00 ,2.00 ,0.00 ,0.00 ,-0.66 
2.28 ,2.54 ,9.00 ,10.00 ,1.39 ,1.44 ,0.90 ,1.00 ,0.90 ,1.00 ,-2.25 ,-3.56 ,392.42 ,407.82 ,78.00 ,79.00 ,1.00 ,0.00 ,1.67 ,1.00 ,4.00 ,0.00 ,0.00 ,2.00 ,0.00 ,0.00 ,-0.68 
2.28 ,2.54 ,9.00 ,10.00 ,1.39 ,1.44 ,0.90 ,1.00 ,0.90 ,1.00 ,-2.25 ,-3.56 ,392.42 ,407.82 ,78.00 ,79.00 ,1.00 ,0.00 ,0.78 ,0.78 ,4.00 ,0.00 ,0.00 ,2.00 ,0.00 ,0.00 ,-0.64 
2.28 ,2.54 ,9.00 ,10.00 ,1.39 ,1.44 ,0.90 ,1.00 ,0.90 ,1.00 ,-2.25 ,-3.56 ,392.42 ,407.82 ,78.00 ,79.00 ,3.00 ,1.00 ,1.67 ,4.33 ,0.00 ,0.00 ,4,0.00 ,0.00 ,2.00 ,-0.06 
2.28 ,2.54 ,9.00 ,10.00 ,1.39 ,1.44 ,0.90 ,1.00 ,0.90 ,1.00 ,-2.25 ,-3.56 ,392.42 ,407.82 ,78.00 ,79.00 ,3.00 ,1.00 ,1.29 ,2.20 ,0.00 ,0.00 ,4,0.00 ,0.00 ,2.00 ,-0.02 
2.28 ,2.54 ,9.00 ,10.00 ,1.39 ,1.44 ,0.90 ,1.00 ,0.90 ,1.00 ,-2.25 ,-3.56 ,392.42 ,407.82 ,78.00 ,79.00 ,3.00 ,1.00 ,1.29 ,3.00 ,0.00 ,0.00 ,4,0.00 ,0.00 ,2.00 ,-0.05 
2.28 ,2.54 ,9.00 ,10.00 ,1.39 ,1.44 ,0.90 ,1.00 ,0.90 ,1.00 ,-2.25 ,-3.56 ,392.42 ,407.82 ,78.00 ,79.00 ,3.00 ,1.00 ,2.20 ,2.20 ,0.00 ,0.00 ,4,0.00 ,0.00 ,2.00 ,-0.01 
2.28 ,2.54 ,9.00 ,10.00 ,1.39 ,1.44 ,0.90 ,1.00 ,0.90 ,1.00 ,-2.25 ,-3.56 ,392.42 ,407.82 ,78.00 ,79.00 ,3.00 ,1.00 ,1.67 ,4.33 ,0.00 ,0.00 ,4,0.00 ,0.00 ,2.00 ,-0.07 
2.28 ,2.54 ,9.00 ,10.00 ,1.39 ,1.44 ,0.90 ,1.00 ,0.90 ,1.00 ,-2.25 ,-3.56 ,392.42 ,407.82 ,78.00 ,79.00 ,3.00 ,0.75 ,3.00 ,1.67 ,0.00 ,2.00 ,2.00 ,0.00 ,1.00 ,1.00 ,-0.46 
2.28 ,2.54 ,9.00 ,10.00 ,1.39 ,1.44 ,0.90 ,1.00 ,0.90 ,1.00 ,-2.25 ,-3.56 ,392.42 ,407.82 ,78.00 ,79.00 ,3.00 ,0.75 ,2.20 ,3.00 ,0.00 ,2.00 ,2.00 ,0.00 ,1.00 ,1.00 ,-0.54 
2.28 ,2.54 ,9.00 ,10.00 ,1.39 ,1.44 ,0.90 ,1.00 ,0.90 ,1.00 ,-2.25 ,-3.56 ,392.42 ,407.82 ,78.00 ,79.00 ,3.00 ,0.75 ,1.67 ,1.67 ,0.00 ,2.00 ,2.00 ,0.00 ,1.00 ,1.00 ,-0.42 
2.28 ,2.54 ,9.00 ,10.00 ,1.39 ,1.44 ,0.90 ,1.00 ,0.90 ,1.00 ,-2.25 ,-3.56 ,392.42 ,407.82 ,78.00 ,79.00 ,3.00 ,0.75 ,1.67 ,3.00 ,0.00 ,2.00 ,2.00 ,0.00 ,1.00 ,1.00 ,-0.44 
2.28 ,2.54 ,9.00 ,10.00 ,1.39 ,1.44 ,0.90 ,1.00 ,0.90 ,1.00 ,-2.25 ,-3.56 ,392.42 ,407.82 ,78.00 ,79.00 ,3.00 ,0.75 ,2.20 ,3.00 ,0.00 ,2.00 ,2.00 ,0.00 ,1.00 ,1.00 ,-0.53 
2.28 ,2.54 ,9.00 ,10.00 ,1.39 ,1.44 ,0.90 ,1.00 ,0.90 ,1.00 ,-2.25 ,-3.56 ,392.42 ,407.82 ,78.00 ,79.00 ,3.00 ,0.50 ,2.20 ,3.00 ,1.00 ,2.00 ,1,0.00 ,2.00 ,0.00 ,-0.70 
2.28 ,2.54 ,9.00 ,10.00 ,1.39 ,1.44 ,0.90 ,1.00 ,0.90 ,1.00 ,-2.25 ,-3.56 ,392.42 ,407.82 ,78.00 ,79.00 ,3.00 ,0.50 ,1.67 ,1.67 ,1.00 ,2.00 ,1,0.00 ,2.00 ,0.00 ,-0.60 
2.28 ,2.54 ,9.00 ,10.00 ,1.39 ,1.44 ,0.90 ,1.00 ,0.90 ,1.00 ,-2.25 ,-3.56 ,392.42 ,407.82 ,78.00 ,79.00 ,3.00 ,0.50 ,1.67 ,3.00 ,1.00 ,2.00 ,1,0.00 ,2.00 ,0.00 ,-0.62 
2.28 ,2.54 ,9.00 ,10.00 ,1.39 ,1.44 ,0.90 ,1.00 ,0.90 ,1.00 ,-2.25 ,-3.56 ,392.42 ,407.82 ,78.00 ,79.00 ,3.00 ,0.50 ,3.00 ,1.67 ,1.00 ,2.00 ,1,0.00 ,2.00 ,0.00 ,-0.75 
2.28 ,2.54 ,9.00 ,10.00 ,1.39 ,1.44 ,0.90 ,1.00 ,0.90 ,1.00 ,-2.25 ,-3.56 ,392.42 ,407.82 ,78.00 ,79.00 ,3.00 ,0.50 ,3.00 ,2.20 ,1.00 ,2.00 ,1,0.00 ,2.00 ,0.00 ,-0.47 
2.28 ,2.54 ,9.00 ,10.00 ,1.39 ,1.44 ,0.90 ,1.00 ,0.90 ,1.00 ,-2.25 ,-3.56 ,392.42 ,407.82 ,78.00 ,79.00 ,3.00 ,0.50 ,2.20 ,3.00 ,0.00 ,4.00 ,0,1.00 ,0.00 ,1.00 ,-0.54 
2.28 ,2.54 ,9.00 ,10.00 ,1.39 ,1.44 ,0.90 ,1.00 ,0.90 ,1.00 ,-2.25 ,-3.56 ,392.42 ,407.82 ,78.00 ,79.00 ,3.00 ,0.50 ,1.67 ,3.00 ,0.00 ,4.00 ,0,1.00 ,0.00 ,1.00 ,-0.47 
2.28 ,2.54 ,9.00 ,10.00 ,1.39 ,1.44 ,0.90 ,1.00 ,0.90 ,1.00 ,-2.25 ,-3.56 ,392.42 ,407.82 ,78.00 ,79.00 ,3.00 ,0.50 ,3.00 ,4.33 ,0.00 ,4.00 ,0,1.00 ,0.00 ,1.00 ,-0.46 
2.28 ,2.54 ,9.00 ,10.00 ,1.39 ,1.44 ,0.90 ,1.00 ,0.90 ,1.00 ,-2.25 ,-3.56 ,392.42 ,407.82 ,78.00 ,79.00 ,3.00 ,0.50 ,3.00 ,2.20 ,0.00 ,4.00 ,0,1.00 ,0.00 ,1.00 ,-0.53 
2.28 ,2.54 ,9.00 ,10.00 ,1.39 ,1.44 ,0.90 ,1.00 ,0.90 ,1.00 ,-2.25 ,-3.56 ,392.42 ,407.82 ,78.00 ,79.00 ,3.00 ,0.50 ,1.67 ,1.67 ,0.00 ,4.00 ,0,1.00 ,0.00 ,1.00 ,-0.49 
2.28 ,2.54 ,9.00 ,10.00 ,1.39 ,1.44 ,0.90 ,1.00 ,0.90 ,1.00 ,-2.25 ,-3.56 ,392.42 ,407.82 ,78.00 ,79.00 ,3.00 ,0.25 ,2.20 ,3.00 ,2.00 ,2.00 ,0,1.00 ,1.00 ,0.00 ,-0.64 
2.28 ,2.54 ,9.00 ,10.00 ,1.39 ,1.44 ,0.90 ,1.00 ,0.90 ,1.00 ,-2.25 ,-3.56 ,392.42 ,407.82 ,78.00 ,79.00 ,3.00 ,0.25 ,1.67 ,1.67 ,2.00 ,2.00 ,0,1.00 ,1.00 ,0.00 ,-0.63 
2.28 ,2.54 ,9.00 ,10.00 ,1.39 ,1.44 ,0.90 ,1.00 ,0.90 ,1.00 ,-2.25 ,-3.56 ,392.42 ,407.82 ,78.00 ,79.00 ,3.00 ,0.25 ,1.67 ,3.00 ,2.00 ,2.00 ,0,1.00 ,1.00 ,0.00 ,-0.68 
2.28 ,2.54 ,9.00 ,10.00 ,1.39 ,1.44 ,0.90 ,1.00 ,0.90 ,1.00 ,-2.25 ,-3.56 ,392.42 ,407.82 ,78.00 ,79.00 ,3.00 ,0.25 ,7.00 ,2.20 ,2.00 ,2.00 ,0,1.00 ,1.00 ,0.00 ,-0.73 
2.28 ,2.54 ,9.00 ,10.00 ,1.39 ,1.44 ,0.90 ,1.00 ,0.90 ,1.00 ,-2.25 ,-3.56 ,392.42 ,407.82 ,78.00 ,79.00 ,3.00 ,0.25 ,7.00 ,2.20 ,2.00 ,2.00 ,0,1.00 ,1.00 ,0.00 ,-0.67 
2.28 ,2.54 ,9.00 ,10.00 ,1.39 ,1.44 ,0.90 ,1.00 ,0.90 ,1.00 ,-2.25 ,-3.56 ,392.42 ,407.82 ,78.00 ,79.00 ,3.00 ,0.00 ,1.67 ,1.67 ,4.00 ,0.00 ,0.00 ,2.00 ,0.00 ,0.00 ,-0.60 
2.28 ,2.54 ,9.00 ,10.00 ,1.39 ,1.44 ,0.90 ,1.00 ,0.90 ,1.00 ,-2.25 ,-3.56 ,392.42 ,407.82 ,78.00 ,79.00 ,3.00 ,0.00 ,7.00 ,2.20 ,4.00 ,0.00 ,0.00 ,2.00 ,0.00 ,0.00 ,-0.65 
2.28 ,2.54 ,9.00 ,10.00 ,1.39 ,1.44 ,0.90 ,1.00 ,0.90 ,1.00 ,-2.25 ,-3.56 ,392.42 ,407.82 ,78.00 ,79.00 ,3.00 ,0.00 ,15.00 ,1.29 ,4.00 ,0.00 ,0.00 ,2.00 ,0.00 ,0.00 ,-0.43 
2.28 ,2.54 ,9.00 ,10.00 ,1.39 ,1.44 ,0.90 ,1.00 ,0.90 ,1.00 ,-2.25 ,-3.56 ,392.42 ,407.82 ,78.00 ,79.00 ,3.00 ,0.00 ,3.00 ,2.20 ,4.00 ,0.00 ,0.00 ,2.00 ,0.00 ,0.00 ,-0.71 
2.28 ,2.54 ,9.00 ,10.00 ,1.39 ,1.44 ,0.90 ,1.00 ,0.90 ,1.00 ,-2.25 ,-3.56 ,392.42 ,407.82 ,78.00 ,79.00 ,3.00 ,0.00 ,3.00 ,4.33 ,4.00 ,0.00 ,0.00 ,2.00 ,0.00 ,0.00 ,-0.63 
1.90 ,2.28 ,10.00 ,9.00 ,1.28 ,1.39 ,1.00 ,0.90 ,1.00 ,0.90 ,-2.67 ,-2.25 ,361.49 ,392.42 ,29.00 ,78.00 ,3.00 ,0.00 ,2.20 ,2.20 ,4.00 ,0.00 ,0.00 ,2.00 ,0.00 ,0.00 ,-0.14 
1.90 ,2.28 ,10.00 ,9.00 ,1.28 ,1.39 ,1.00 ,0.90 ,1.00 ,0.90 ,-2.67 ,-2.25 ,361.49 ,392.42 ,29.00 ,78.00 ,3.00 ,0.00 ,3.00 ,4.33 ,4.00 ,0.00 ,0.00 ,2.00 ,0.00 ,0.00 ,-0.09 
1.90 ,2.28 ,10.00 ,9.00 ,1.28 ,1.39 ,1.00 ,0.90 ,1.00 ,0.90 ,-2.67 ,-2.25 ,361.49 ,392.42 ,29.00 ,78.00 ,3.00 ,0.00 ,7.00 ,3.00 ,4.00 ,0.00 ,0.00 ,2.00 ,0.00 ,0.00 ,-0.10 
1.90 ,2.28 ,10.00 ,9.00 ,1.28 ,1.39 ,1.00 ,0.90 ,1.00 ,0.90 ,-2.67 ,-2.25 ,361.49 ,392.42 ,29.00 ,78.00 ,3.00 ,0.25 ,2.20 ,2.20 ,2.00 ,2.00 ,0.00 ,1.00 ,1.00 ,0.00 ,-0.48 
1.90 ,2.28 ,10.00 ,9.00 ,1.28 ,1.39 ,1.00 ,0.90 ,1.00 ,0.90 ,-2.67 ,-2.25 ,361.49 ,392.42 ,29.00 ,78.00 ,3.00 ,0.25 ,3.00 ,4.33 ,2.00 ,2.00 ,0.00 ,1.00 ,1.00 ,0.00 ,-0.43 
1.90 ,2.28 ,10.00 ,9.00 ,1.28 ,1.39 ,1.00 ,0.90 ,1.00 ,0.90 ,-2.67 ,-2.25 ,361.49 ,392.42 ,29.00 ,78.00 ,3.00 ,0.25 ,7.00 ,3.00 ,2.00 ,2.00 ,0.00 ,1.00 ,1.00 ,0.00 ,-0.56 
1.90 ,2.28 ,10.00 ,9.00 ,1.28 ,1.39 ,1.00 ,0.90 ,1.00 ,0.90 ,-2.67 ,-2.25 ,361.49 ,392.42 ,29.00 ,78.00 ,3.00 ,0.50 ,2.20 ,2.20 ,1.00 ,2.00 ,1.00 ,0.00 ,2.00 ,0.00 ,-0.55 
1.90 ,2.28 ,10.00 ,9.00 ,1.28 ,1.39 ,1.00 ,0.90 ,1.00 ,0.90 ,-2.67 ,-2.25 ,361.49 ,392.42 ,29.00 ,78.00 ,3.00 ,0.50 ,3.00 ,4.33 ,1.00 ,2.00 ,1.00 ,0.00 ,2.00 ,0.00 ,-0.62 
1.90 ,2.28 ,10.00 ,9.00 ,1.28 ,1.39 ,1.00 ,0.90 ,1.00 ,0.90 ,-2.67 ,-2.25 ,361.49 ,392.42 ,29.00 ,78.00 ,3.00 ,0.50 ,1.67 ,3.00 ,1.00 ,2.00 ,1.00 ,0.00 ,2.00 ,0.00 ,-0.55 
1.90 ,2.28 ,10.00 ,9.00 ,1.28 ,1.39 ,1.00 ,0.90 ,1.00 ,0.90 ,-2.67 ,-2.25 ,361.49 ,392.42 ,29.00 ,78.00 ,3.00 ,0.50 ,3.00 ,4.33 ,0.00 ,4.00 ,0.00 ,1.00 ,0.00 ,1.00 ,-0.49 
1.90 ,2.28 ,10.00 ,9.00 ,1.28 ,1.39 ,1.00 ,0.90 ,1.00 ,0.90 ,-2.67 ,-2.25 ,361.49 ,392.42 ,29.00 ,78.00 ,3.00 ,0.50 ,1.67 ,3.00 ,0.00 ,4.00 ,0.00 ,1.00 ,0.00 ,1.00 ,-0.53 
1.90 ,2.28 ,10.00 ,9.00 ,1.28 ,1.39 ,1.00 ,0.90 ,1.00 ,0.90 ,-2.67 ,-2.25 ,361.49 ,392.42 ,29.00 ,78.00 ,3.00 ,0.50 ,4.33 ,2.20 ,0.00 ,4.00 ,0.00 ,1.00 ,0.00 ,1.00 ,-0.59 
1.90 ,2.28 ,10.00 ,9.00 ,1.28 ,1.39 ,1.00 ,0.90 ,1.00 ,0.90 ,-2.67 ,-2.25 ,361.49 ,392.42 ,29.00 ,78.00 ,3.00 ,0.75 ,1.67 ,3.00 ,0.00 ,2.00 ,2.00 ,0.00 ,1.00 ,1.00 ,-0.44 
1.90 ,2.28 ,10.00 ,9.00 ,1.28 ,1.39 ,1.00 ,0.90 ,1.00 ,0.90 ,-2.67 ,-2.25 ,361.49 ,392.42 ,29.00 ,78.00 ,3.00 ,0.75 ,2.20 ,2.20 ,0.00 ,2.00 ,2.00 ,0.00 ,1.00 ,1.00 ,-0.50 
1.90 ,2.28 ,10.00 ,9.00 ,1.28 ,1.39 ,1.00 ,0.90 ,1.00 ,0.90 ,-2.67 ,-2.25 ,361.49 ,392.42 ,29.00 ,78.00 ,3.00 ,0.75 ,1.00 ,4.33 ,0.00 ,2.00 ,2.00 ,0.00 ,1.00 ,1.00 ,-0.34 
1.90 ,2.28 ,10.00 ,9.00 ,1.28 ,1.39 ,1.00 ,0.90 ,1.00 ,0.90 ,-2.67 ,-2.25 ,361.49 ,392.42 ,29.00 ,78.00 ,3.00 ,1.00 ,2.20 ,2.20 ,0.00 ,0.00 ,4.00 ,0.00 ,0.00 ,2.00 ,-0.50 
1.90 ,2.28 ,10.00 ,9.00 ,1.28 ,1.39 ,1.00 ,0.90 ,1.00 ,0.90 ,-2.67 ,-2.25 ,361.49 ,392.42 ,29.00 ,78.00 ,3.00 ,1.00 ,1.29 ,4.33 ,0.00 ,0.00 ,4.00 ,0.00 ,0.00 ,2.00 ,-0.86 
1.90 ,2.28 ,10.00 ,9.00 ,1.28 ,1.39 ,1.00 ,0.90 ,1.00 ,0.90 ,-2.67 ,-2.25 ,361.49 ,392.42 ,29.00 ,78.00 ,3.00 ,1.00 ,0.78 ,7.00 ,0.00 ,0.00 ,4.00 ,0.00 ,0.00 ,2.00 ,-0.75 
1.90 ,2.28 ,10.00 ,9.00 ,1.28 ,1.39 ,1.00 ,0.90 ,1.00 ,0.90 ,-2.67 ,-2.25 ,361.49 ,392.42 ,29.00 ,78.00 ,1.00 ,0.00 ,2.20 ,1.29 ,4.00 ,0.00 ,0.00 ,2.00 ,0.00 ,0.00 ,-0.11 
1.90 ,2.28 ,10.00 ,9.00 ,1.28 ,1.39 ,1.00 ,0.90 ,1.00 ,0.90 ,-2.67 ,-2.25 ,361.49 ,392.42 ,29.00 ,78.00 ,1.00 ,0.00 ,0.78 ,0.60 ,4.00 ,0.00 ,0.00 ,2.00 ,0.00 ,0.00 ,-0.14 
1.90 ,2.28 ,10.00 ,9.00 ,1.28 ,1.39 ,1.00 ,0.90 ,1.00 ,0.90 ,-2.67 ,-2.25 ,361.49 ,392.42 ,29.00 ,78.00 ,1.00 ,0.00 ,0.78 ,0.78 ,4.00 ,0.00 ,0.00 ,2.00 ,0.00 ,0.00 ,-0.20 
1.90 ,2.28 ,10.00 ,9.00 ,1.28 ,1.39 ,1.00 ,0.90 ,1.00 ,0.90 ,-2.67 ,-2.25 ,361.49 ,392.42 ,29.00 ,78.00 ,1.00 ,0.25 ,0.78 ,1.67 ,2.00 ,2.00 ,0.00 ,1.00 ,1.00 ,0.00 ,-0.45 
1.90 ,2.28 ,10.00 ,9.00 ,1.28 ,1.39 ,1.00 ,0.90 ,1.00 ,0.90 ,-2.67 ,-2.25 ,361.49 ,392.42 ,29.00 ,78.00 ,1.00 ,0.25 ,2.20 ,1.00 ,2.00 ,2.00 ,0.00 ,1.00 ,1.00 ,0.00 ,-0.53 
1.90 ,2.28 ,10.00 ,9.00 ,1.28 ,1.39 ,1.00 ,0.90 ,1.00 ,0.90 ,-2.67 ,-2.25 ,361.49 ,392.42 ,29.00 ,78.00 ,1.00 ,0.25 ,0.60 ,0.78 ,2.00 ,2.00 ,0.00 ,1.00 ,1.00 ,0.00 ,-0.49 
1.90 ,2.28 ,10.00 ,9.00 ,1.28 ,1.39 ,1.00 ,0.90 ,1.00 ,0.90 ,-2.67 ,-2.25 ,361.49 ,392.42 ,29.00 ,78.00 ,1.00 ,0.50 ,0.78 ,1.67 ,1.00 ,2.00 ,1.00 ,0.00 ,2.00 ,0.00 ,-0.53 
1.90 ,2.28 ,10.00 ,9.00 ,1.28 ,1.39 ,1.00 ,0.90 ,1.00 ,0.90 ,-2.67 ,-2.25 ,361.49 ,392.42 ,29.00 ,78.00 ,1.00 ,0.50 ,0.60 ,0.78 ,1.00 ,2.00 ,1.00 ,0.00 ,2.00 ,0.00 ,-0.71 
1.90 ,2.28 ,10.00 ,9.00 ,1.28 ,1.39 ,1.00 ,0.90 ,1.00 ,0.90 ,-2.67 ,-2.25 ,361.49 ,392.42 ,29.00 ,78.00 ,1.00 ,0.50 ,2.20 ,1.29 ,1.00 ,2.00 ,1.00 ,0.00 ,2.00 ,0.00 ,-0.70 
1.90 ,2.28 ,10.00 ,9.00 ,1.28 ,1.39 ,1.00 ,0.90 ,1.00 ,0.90 ,-2.67 ,-2.25 ,361.49 ,392.42 ,29.00 ,78.00 ,1.00 ,0.50 ,0.78 ,1.67 ,0.00 ,4.00 ,0.00 ,1.00 ,0.00 ,1.00 ,-0.69 
1.90 ,2.28 ,10.00 ,9.00 ,1.28 ,1.39 ,1.00 ,0.90 ,1.00 ,0.90 ,-2.67 ,-2.25 ,361.49 ,392.42 ,29.00 ,78.00 ,1.00 ,0.50 ,2.20 ,1.00 ,0.00 ,4.00 ,0.00 ,1.00 ,0.00 ,1.00 ,-0.60 
1.90 ,2.28 ,10.00 ,9.00 ,1.28 ,1.39 ,1.00 ,0.90 ,1.00 ,0.90 ,-2.67 ,-2.25 ,361.49 ,392.42 ,29.00 ,78.00 ,1.00 ,0.50 ,0.78 ,1.29 ,0.00 ,4.00 ,0.00 ,1.00 ,0.00 ,1.00 ,-0.52 
1.90 ,2.28 ,10.00 ,9.00 ,1.28 ,1.39 ,1.00 ,0.90 ,1.00 ,0.90 ,-2.67 ,-2.25 ,361.49 ,392.42 ,29.00 ,78.00 ,1.00 ,0.75 ,0.78 ,1.67 ,0.00 ,2.00 ,2.00 ,0.00 ,1.00 ,1.00 ,-0.60 
1.90 ,2.28 ,10.00 ,9.00 ,1.28 ,1.39 ,1.00 ,0.90 ,1.00 ,0.90 ,-2.67 ,-2.25 ,361.49 ,392.42 ,29.00 ,78.00 ,1.00 ,0.75 ,0.78 ,1.29 ,0.00 ,2.00 ,2.00 ,0.00 ,1.00 ,1.00 ,-0.48 
1.90 ,2.28 ,10.00 ,9.00 ,1.28 ,1.39 ,1.00 ,0.90 ,1.00 ,0.90 ,-2.67 ,-2.25 ,361.49 ,392.42 ,29.00 ,78.00 ,1.00 ,0.75 ,0.78 ,0.60 ,0.00 ,2.00 ,2.00 ,0.00 ,1.00 ,1.00 ,-0.52 
1.90 ,2.28 ,10.00 ,9.00 ,1.28 ,1.39 ,1.00 ,0.90 ,1.00 ,0.90 ,-2.67 ,-2.25 ,361.49 ,392.42 ,29.00 ,78.00 ,1.00 ,1.00 ,0.60 ,0.78 ,0.00 ,0.00 ,4.00 ,0.00 ,0.00 ,2.00 ,-0.88 
1.90 ,2.28 ,10.00 ,9.00 ,1.28 ,1.39 ,1.00 ,0.90 ,1.00 ,0.90 ,-2.67 ,-2.25 ,361.49 ,392.42 ,29.00 ,78.00 ,1.00 ,1.00 ,0.78 ,0.60 ,0.00 ,0.00 ,4.00 ,0.00 ,0.00 ,2.00 ,-0.63 
1.90 ,2.28 ,10.00 ,9.00 ,1.28 ,1.39 ,1.00 ,0.90 ,1.00 ,0.90 ,-2.67 ,-2.25 ,361.49 ,392.42 ,29.00 ,78.00 ,1.00 ,1.00 ,0.78 ,0.78 ,0.00 ,0.00 ,4.00 ,0.00 ,0.00 ,2.00 ,-0.73 
1.90 ,2.28 ,10.00 ,9.00 ,1.28 ,1.39 ,1.00 ,0.90 ,1.00 ,0.90 ,-2.67 ,-2.25 ,361.49 ,392.42 ,29.00 ,78.00 ,0.33 ,0.00 ,0.60 ,0.33 ,4.00 ,0.00 ,0.00 ,2.00 ,0.00 ,0.00 ,-0.05 
1.90 ,2.28 ,10.00 ,9.00 ,1.28 ,1.39 ,1.00 ,0.90 ,1.00 ,0.90 ,-2.67 ,-2.25 ,361.49 ,392.42 ,29.00 ,78.00 ,0.33 ,0.00 ,0.45 ,0.14 ,4.00 ,0.00 ,0.00 ,2.00 ,0.00 ,0.00 ,-0.03 
1.90 ,2.28 ,10.00 ,9.00 ,1.28 ,1.39 ,1.00 ,0.90 ,1.00 ,0.90 ,-2.67 ,-2.25 ,361.49 ,392.42 ,29.00 ,78.00 ,0.33 ,0.00 ,0.78 ,0.14 ,4.00 ,0.00 ,0.00 ,2.00 ,0.00 ,0.00 ,-0.08 
1.90 ,2.28 ,10.00 ,9.00 ,1.28 ,1.39 ,1.00 ,0.90 ,1.00 ,0.90 ,-2.67 ,-2.25 ,361.49 ,392.42 ,29.00 ,78.00 ,0.33 ,0.25 ,0.45 ,0.45 ,2.00 ,2.00 ,0.00 ,1.00 ,1.00 ,0.00 ,-0.57 
1.90 ,2.28 ,10.00 ,9.00 ,1.28 ,1.39 ,1.00 ,0.90 ,1.00 ,0.90 ,-2.67 ,-2.25 ,361.49 ,392.42 ,29.00 ,78.00 ,0.33 ,0.25 ,0.33 ,0.23 ,2.00 ,2.00 ,0.00 ,1.00 ,1.00 ,0.00 ,-0.55 
1.90 ,2.28 ,10.00 ,9.00 ,1.28 ,1.39 ,1.00 ,0.90 ,1.00 ,0.90 ,-2.67 ,-2.25 ,361.49 ,392.42 ,29.00 ,78.00 ,0.33 ,0.25 ,0.60 ,0.15 ,2.00 ,2.00 ,0.00 ,1.00 ,1.00 ,0.00 ,-0.59 
1.90 ,2.28 ,10.00 ,9.00 ,1.28 ,1.39 ,1.00 ,0.90 ,1.00 ,0.90 ,-2.67 ,-2.25 ,361.49 ,392.42 ,29.00 ,78.00 ,0.33 ,0.50 ,0.45 ,0.23 ,1.00 ,2.00 ,1.00 ,0.00 ,2.00 ,0.00 ,-0.65 
1.90 ,2.28 ,10.00 ,9.00 ,1.28 ,1.39 ,1.00 ,0.90 ,1.00 ,0.90 ,-2.67 ,-2.25 ,361.49 ,392.42 ,29.00 ,78.00 ,0.33 ,0.50 ,0.23 ,0.45 ,1.00 ,2.00 ,1.00 ,0.00 ,2.00 ,0.00 ,-0.61 
1.90 ,2.28 ,10.00 ,9.00 ,1.28 ,1.39 ,1.00 ,0.90 ,1.00 ,0.90 ,-2.67 ,-2.25 ,361.49 ,392.42 ,29.00 ,78.00 ,0.33 ,0.50 ,0.45 ,0.45 ,1.00 ,2.00 ,1.00 ,0.00 ,2.00 ,0.00 ,-0.60 
1.90 ,2.28 ,10.00 ,9.00 ,1.28 ,1.39 ,1.00 ,0.90 ,1.00 ,0.90 ,-2.67 ,-2.25 ,361.49 ,392.42 ,29.00 ,78.00 ,0.33 ,0.50 ,0.23 ,0.45 ,0.00 ,4.00 ,0.00 ,1.00 ,0.00 ,1.00 ,-0.43 
1.90 ,2.28 ,10.00 ,9.00 ,1.28 ,1.39 ,1.00 ,0.90 ,1.00 ,0.90 ,-2.67 ,-2.25 ,361.49 ,392.42 ,29.00 ,78.00 ,0.33 ,0.50 ,0.45 ,0.45 ,0.00 ,4.00 ,0.00 ,1.00 ,0.00 ,1.00 ,-0.48 
1.90 ,2.28 ,10.00 ,9.00 ,1.28 ,1.39 ,1.00 ,0.90 ,1.00 ,0.90 ,-2.67 ,-2.25 ,361.49 ,392.42 ,29.00 ,78.00 ,0.33 ,0.50 ,0.14 ,0.45 ,0.00 ,4.00 ,0.00 ,1.00 ,0.00 ,1.00 ,-0.53 
1.90 ,2.28 ,10.00 ,9.00 ,1.28 ,1.39 ,1.00 ,0.90 ,1.00 ,0.90 ,-2.67 ,-2.25 ,361.49 ,392.42 ,29.00 ,78.00 ,0.33 ,0.75 ,0.07 ,0.23 ,0.00 ,2.00 ,2.00 ,0.00 ,1.00 ,1.00 ,-0.65 
1.90 ,2.28 ,10.00 ,9.00 ,1.28 ,1.39 ,1.00 ,0.90 ,1.00 ,0.90 ,-2.67 ,-2.25 ,361.49 ,392.42 ,29.00 ,78.00 ,0.33 ,0.75 ,0.45 ,0.23 ,0.00 ,2.00 ,2.00 ,0.00 ,1.00 ,1.00 ,-0.73 
1.90 ,2.28 ,10.00 ,9.00 ,1.28 ,1.39 ,1.00 ,0.90 ,1.00 ,0.90 ,-2.67 ,-2.25 ,361.49 ,392.42 ,29.00 ,78.00 ,0.33 ,0.75 ,0.23 ,0.45 ,0.00 ,2.00 ,2.00 ,0.00 ,1.00 ,1.00 ,-0.55 
1.90 ,2.28 ,10.00 ,9.00 ,1.28 ,1.39 ,1.00 ,0.90 ,1.00 ,0.90 ,-2.67 ,-2.25 ,361.49 ,392.42 ,29.00 ,78.00 ,0.33 ,1.00 ,0.07 ,0.23 ,0.00 ,0.00 ,4.00 ,0.00 ,0.00 ,2.00 ,-0.65 
1.90 ,2.28 ,10.00 ,9.00 ,1.28 ,1.39 ,1.00 ,0.90 ,1.00 ,0.90 ,-2.67 ,-2.25 ,361.49 ,392.42 ,29.00 ,78.00 ,0.33 ,1.00 ,0.45 ,0.23 ,0.00 ,0.00 ,4.00 ,0.00 ,0.00 ,2.00 ,-0.65 
1.90 ,2.28 ,10.00 ,9.00 ,1.28 ,1.39 ,1.00 ,0.90 ,1.00 ,0.90 ,-2.67 ,-2.25 ,361.49 ,392.42 ,29.00 ,78.00 ,0.33 ,1.00 ,0.23 ,0.45 ,0.00 ,0.00 ,4.00 ,0.00 ,0.00 ,2.00 ,-0.58 
2.20 ,2.54 ,10.00 ,10.00 ,1.37 ,1.44 ,1.00 ,1.00 ,0.90 ,1.00 ,-1.83 ,-3.56 ,389.07 ,407.82 ,46.00 ,79.00 ,0.33 ,1.00 ,0.14 ,0.60 ,0.00 ,0.00 ,4.00 ,0.00 ,0.00 ,2.00 ,0.02 
2.20 ,2.54 ,10.00 ,10.00 ,1.37 ,1.44 ,1.00 ,1.00 ,0.90 ,1.00 ,-1.83 ,-3.56 ,389.07 ,407.82 ,46.00 ,79.00 ,0.33 ,1.00 ,0.33 ,0.45 ,0.00 ,0.00 ,4.00 ,0.00 ,0.00 ,2.00 ,0.05 
2.20 ,2.54 ,10.00 ,10.00 ,1.37 ,1.44 ,1.00 ,1.00 ,0.90 ,1.00 ,-1.83 ,-3.56 ,389.07 ,407.82 ,46.00 ,79.00 ,0.33 ,1.00 ,0.33 ,0.60 ,0.00 ,0.00 ,4.00 ,0.00 ,0.00 ,2.00 ,0.01 
2.20 ,2.54 ,10.00 ,10.00 ,1.37 ,1.44 ,1.00 ,1.00 ,0.90 ,1.00 ,-1.83 ,-3.56 ,389.07 ,407.82 ,46.00 ,79.00 ,0.33 ,0.75 ,0.14 ,0.60 ,0.00 ,2.00 ,2.00 ,0.00 ,1.00 ,1.00 ,-0.19 
2.20 ,2.54 ,10.00 ,10.00 ,1.37 ,1.44 ,1.00 ,1.00 ,0.90 ,1.00 ,-1.83 ,-3.56 ,389.07 ,407.82 ,46.00 ,79.00 ,0.33 ,0.75 ,0.33 ,0.45 ,0.00 ,2.00 ,2.00 ,0.00 ,1.00 ,1.00 ,-0.24 
2.20 ,2.54 ,10.00 ,10.00 ,1.37 ,1.44 ,1.00 ,1.00 ,0.90 ,1.00 ,-1.83 ,-3.56 ,389.07 ,407.82 ,46.00 ,79.00 ,0.33 ,0.75 ,0.33 ,0.60 ,0.00 ,2.00 ,2.00 ,0.00 ,1.00 ,1.00 ,-0.23 
2.20 ,2.54 ,10.00 ,10.00 ,1.37 ,1.44 ,1.00 ,1.00 ,0.90 ,1.00 ,-1.83 ,-3.56 ,389.07 ,407.82 ,46.00 ,79.00 ,0.33 ,0.50 ,0.33 ,0.45 ,1.00 ,2.00 ,1.00 ,0.00 ,2.00 ,0.00 ,-0.46 
2.20 ,2.54 ,10.00 ,10.00 ,1.37 ,1.44 ,1.00 ,1.00 ,0.90 ,1.00 ,-1.83 ,-3.56 ,389.07 ,407.82 ,46.00 ,79.00 ,0.33 ,0.50 ,0.33 ,0.60 ,1.00 ,2.00 ,1.00 ,0.00 ,2.00 ,0.00 ,-0.46 
2.20 ,2.54 ,10.00 ,10.00 ,1.37 ,1.44 ,1.00 ,1.00 ,0.90 ,1.00 ,-1.83 ,-3.56 ,389.07 ,407.82 ,46.00 ,79.00 ,0.33 ,0.50 ,0.45 ,0.23 ,1.00 ,2.00 ,1.00 ,0.00 ,2.00 ,0.00 ,-0.49 
2.20 ,2.54 ,10.00 ,10.00 ,1.37 ,1.44 ,1.00 ,1.00 ,0.90 ,1.00 ,-1.83 ,-3.56 ,389.07 ,407.82 ,46.00 ,79.00 ,0.33 ,0.50 ,0.33 ,0.60 ,0.00 ,4.00 ,0.00 ,1.00 ,0.00 ,1.00 ,-0.23 
2.20 ,2.54 ,10.00 ,10.00 ,1.37 ,1.44 ,1.00 ,1.00 ,0.90 ,1.00 ,-1.83 ,-3.56 ,389.07 ,407.82 ,46.00 ,79.00 ,0.33 ,0.50 ,0.45 ,0.14 ,0.00 ,4.00 ,0.00 ,1.00 ,0.00 ,1.00 ,-0.23 
2.20 ,2.54 ,10.00 ,10.00 ,1.37 ,1.44 ,1.00 ,1.00 ,0.90 ,1.00 ,-1.83 ,-3.56 ,389.07 ,407.82 ,46.00 ,79.00 ,0.33 ,0.50 ,0.33 ,0.45 ,0.00 ,4.00 ,0.00 ,1.00 ,0.00 ,1.00 ,-0.23 
2.20 ,2.54 ,10.00 ,10.00 ,1.37 ,1.44 ,1.00 ,1.00 ,0.90 ,1.00 ,-1.83 ,-3.56 ,389.07 ,407.82 ,46.00 ,79.00 ,0.33 ,0.25 ,0.60 ,0.33 ,2.00 ,2.00 ,0.00 ,1.00 ,1.00 ,0.00 ,-0.43 
2.20 ,2.54 ,10.00 ,10.00 ,1.37 ,1.44 ,1.00 ,1.00 ,0.90 ,1.00 ,-1.83 ,-3.56 ,389.07 ,407.82 ,46.00 ,79.00 ,0.33 ,0.25 ,0.33 ,0.45 ,2.00 ,2.00 ,0.00 ,1.00 ,1.00 ,0.00 ,-0.41 
2.20 ,2.54 ,10.00 ,10.00 ,1.37 ,1.44 ,1.00 ,1.00 ,0.90 ,1.00 ,-1.83 ,-3.56 ,389.07 ,407.82 ,46.00 ,79.00 ,0.33 ,0.25 ,0.45 ,0.45 ,2.00 ,2.00 ,0.00 ,1.00 ,1.00 ,0.00 ,-0.44 
2.20 ,2.54 ,10.00 ,10.00 ,1.37 ,1.44 ,1.00 ,1.00 ,0.90 ,1.00 ,-1.83 ,-3.56 ,389.07 ,407.82 ,46.00 ,79.00 ,0.33 ,0.00 ,0.45 ,0.33 ,4.00 ,0.00 ,0.00 ,2.00 ,0.00 ,0.00 ,-0.42 
2.20 ,2.54 ,10.00 ,10.00 ,1.37 ,1.44 ,1.00 ,1.00 ,0.90 ,1.00 ,-1.83 ,-3.56 ,389.07 ,407.82 ,46.00 ,79.00 ,0.33 ,0.00 ,0.60 ,0.14 ,4.00 ,0.00 ,0.00 ,2.00 ,0.00 ,0.00 ,-0.42 
2.20 ,2.54 ,10.00 ,10.00 ,1.37 ,1.44 ,1.00 ,1.00 ,0.90 ,1.00 ,-1.83 ,-3.56 ,389.07 ,407.82 ,46.00 ,79.00 ,0.33 ,0.00 ,0.45 ,0.23 ,4.00 ,0.00 ,0.00 ,2.00 ,0.00 ,0.00 ,-0.41 
2.20 ,2.54 ,10.00 ,10.00 ,1.37 ,1.44 ,1.00 ,1.00 ,0.90 ,1.00 ,-1.83 ,-3.56 ,389.07 ,407.82 ,46.00 ,79.00 ,1.00 ,1.00 ,0.78 ,1.67 ,0.00 ,0.00 ,4.00 ,0.00 ,0.00 ,2.00 ,-0.03 
2.20 ,2.54 ,10.00 ,10.00 ,1.37 ,1.44 ,1.00 ,1.00 ,0.90 ,1.00 ,-1.83 ,-3.56 ,389.07 ,407.82 ,46.00 ,79.00 ,1.00 ,1.00 ,0.45 ,1.29 ,0.00 ,0.00 ,4.00 ,0.00 ,0.00 ,2.00 ,0.00 
2.20 ,2.54 ,10.00 ,10.00 ,1.37 ,1.44 ,1.00 ,1.00 ,0.90 ,1.00 ,-1.83 ,-3.56 ,389.07 ,407.82 ,46.00 ,79.00 ,1.00 ,1.00 ,1.00 ,0.78 ,0.00 ,0.00 ,4.00 ,0.00 ,0.00 ,2.00 ,-0.04 
2.20 ,2.54 ,10.00 ,10.00 ,1.37 ,1.44 ,1.00 ,1.00 ,0.90 ,1.00 ,-1.83 ,-3.56 ,389.07 ,407.82 ,46.00 ,79.00 ,1.00 ,0.75 ,0.78 ,1.67 ,0.00 ,2.00 ,2.00 ,0.00 ,1.00 ,1.00 ,-0.24 
2.20 ,2.54 ,10.00 ,10.00 ,1.37 ,1.44 ,1.00 ,1.00 ,0.90 ,1.00 ,-1.83 ,-3.56 ,389.07 ,407.82 ,46.00 ,79.00 ,1.00 ,0.75 ,1.00 ,0.78 ,0.00 ,2.00 ,2.00 ,0.00 ,1.00 ,1.00 ,-0.28 
2.20 ,2.54 ,10.00 ,10.00 ,1.37 ,1.44 ,1.00 ,1.00 ,0.90 ,1.00 ,-1.83 ,-3.56 ,389.07 ,407.82 ,46.00 ,79.00 ,1.00 ,0.75 ,0.45 ,1.29 ,0.00 ,2.00 ,2.00 ,0.00 ,1.00 ,1.00 ,-0.26 
2.20 ,2.54 ,10.00 ,10.00 ,1.37 ,1.44 ,1.00 ,1.00 ,0.90 ,1.00 ,-1.83 ,-3.56 ,389.07 ,407.82 ,46.00 ,79.00 ,1.00 ,0.50 ,0.78 ,1.67 ,1.00 ,2.00 ,1.00 ,0.00 ,2.00 ,0.00 ,-0.51 
2.20 ,2.54 ,10.00 ,10.00 ,1.37 ,1.44 ,1.00 ,1.00 ,0.90 ,1.00 ,-1.83 ,-3.56 ,389.07 ,407.82 ,46.00 ,79.00 ,1.00 ,0.50 ,1.00 ,1.00 ,1.00 ,2.00 ,1.00 ,0.00 ,2.00 ,0.00 ,-0.51 
2.20 ,2.54 ,10.00 ,10.00 ,1.37 ,1.44 ,1.00 ,1.00 ,0.90 ,1.00 ,-1.83 ,-3.56 ,389.07 ,407.82 ,46.00 ,79.00 ,1.00 ,0.50 ,1.00 ,0.78 ,1.00 ,2.00 ,1.00 ,0.00 ,2.00 ,0.00 ,-0.50 
2.20 ,2.54 ,10.00 ,10.00 ,1.37 ,1.44 ,1.00 ,1.00 ,0.90 ,1.00 ,-1.83 ,-3.56 ,389.07 ,407.82 ,46.00 ,79.00 ,1.00 ,0.50 ,1.00 ,0.78 ,0.00 ,4.00 ,0.00 ,1.00 ,0.00 ,1.00 ,-0.20 
2.20 ,2.54 ,10.00 ,10.00 ,1.37 ,1.44 ,1.00 ,1.00 ,0.90 ,1.00 ,-1.83 ,-3.56 ,389.07 ,407.82 ,46.00 ,79.00 ,1.00 ,0.50 ,0.45 ,1.29 ,0.00 ,4.00 ,0.00 ,1.00 ,0.00 ,1.00 ,-0.16 
2.20 ,2.54 ,10.00 ,10.00 ,1.37 ,1.44 ,1.00 ,1.00 ,0.90 ,1.00 ,-1.83 ,-3.56 ,389.07 ,407.82 ,46.00 ,79.00 ,1.00 ,0.50 ,1.00 ,1.67 ,0.00 ,4.00 ,0.00 ,1.00 ,0.00 ,1.00 ,-0.27 
2.20 ,2.54 ,10.00 ,10.00 ,1.37 ,1.44 ,1.00 ,1.00 ,0.90 ,1.00 ,-1.83 ,-3.56 ,389.07 ,407.82 ,46.00 ,79.00 ,1.00 ,0.25 ,1.00 ,1.00 ,2.00 ,2.00 ,0.00 ,1.00 ,1.00 ,0.00 ,-0.49 
2.20 ,2.54 ,10.00 ,10.00 ,1.37 ,1.44 ,1.00 ,1.00 ,0.90 ,1.00 ,-1.83 ,-3.56 ,389.07 ,407.82 ,46.00 ,79.00 ,1.00 ,0.25 ,1.00 ,0.78 ,2.00 ,2.00 ,0.00 ,1.00 ,1.00 ,0.00 ,-0.49 
2.20 ,2.54 ,10.00 ,10.00 ,1.37 ,1.44 ,1.00 ,1.00 ,0.90 ,1.00 ,-1.83 ,-3.56 ,389.07 ,407.82 ,46.00 ,79.00 ,1.00 ,0.25 ,0.45 ,1.29 ,2.00 ,2.00 ,0.00 ,1.00 ,1.00 ,0.00 ,-0.53 
2.20 ,2.54 ,10.00 ,10.00 ,1.37 ,1.44 ,1.00 ,1.00 ,0.90 ,1.00 ,-1.83 ,-3.56 ,389.07 ,407.82 ,46.00 ,79.00 ,1.00 ,0.00 ,1.00 ,1.00 ,4.00 ,0.00 ,0.00 ,2.00 ,0.00 ,0.00 ,-0.55 
2.20 ,2.54 ,10.00 ,10.00 ,1.37 ,1.44 ,1.00 ,1.00 ,0.90 ,1.00 ,-1.83 ,-3.56 ,389.07 ,407.82 ,46.00 ,79.00 ,1.00 ,0.00 ,1.00 ,0.78 ,4.00 ,0.00 ,0.00 ,2.00 ,0.00 ,0.00 ,-0.49 
2.20 ,2.54 ,10.00 ,10.00 ,1.37 ,1.44 ,1.00 ,1.00 ,0.90 ,1.00 ,-1.83 ,-3.56 ,389.07 ,407.82 ,46.00 ,79.00 ,1.00 ,0.00 ,1.29 ,0.78 ,4.00 ,0.00 ,0.00 ,2.00 ,0.00 ,0.00 ,-0.60 
2.20 ,2.54 ,10.00 ,10.00 ,1.37 ,1.44 ,1.00 ,1.00 ,0.90 ,1.00 ,-1.83 ,-3.56 ,389.07 ,407.82 ,46.00 ,79.00 ,3.00 ,1.00 ,1.67 ,7.00 ,0.00 ,0.00 ,4.00 ,0.00 ,0.00 ,2.00 ,0.04 
2.20 ,2.54 ,10.00 ,10.00 ,1.37 ,1.44 ,1.00 ,1.00 ,0.90 ,1.00 ,-1.83 ,-3.56 ,389.07 ,407.82 ,46.00 ,79.00 ,3.00 ,1.00 ,2.20 ,7.00 ,0.00 ,0.00 ,4.00 ,0.00 ,0.00 ,2.00 ,-0.07 
2.20 ,2.54 ,10.00 ,10.00 ,1.37 ,1.44 ,1.00 ,1.00 ,0.90 ,1.00 ,-1.83 ,-3.56 ,389.07 ,407.82 ,46.00 ,79.00 ,3.00 ,1.00 ,1.67 ,4.33 ,0.00 ,0.00 ,4.00 ,0.00 ,0.00 ,2.00 ,0.01 
2.20 ,2.54 ,10.00 ,10.00 ,1.37 ,1.44 ,1.00 ,1.00 ,0.90 ,1.00 ,-1.83 ,-3.56 ,389.07 ,407.82 ,46.00 ,79.00 ,3.00 ,0.75 ,2.20 ,4.33 ,0.00 ,2.00 ,2.00 ,0.00 ,1.00 ,1.00 ,-0.32 
2.20 ,2.54 ,10.00 ,10.00 ,1.37 ,1.44 ,1.00 ,1.00 ,0.90 ,1.00 ,-1.83 ,-3.56 ,389.07 ,407.82 ,46.00 ,79.00 ,3.00 ,0.75 ,2.20 ,3.00 ,0.00 ,2.00 ,2.00 ,0.00 ,1.00 ,1.00 ,-0.27 
2.20 ,2.54 ,10.00 ,10.00 ,1.37 ,1.44 ,1.00 ,1.00 ,0.90 ,1.00 ,-1.83 ,-3.56 ,389.07 ,407.82 ,46.00 ,79.00 ,3.00 ,0.75 ,3.00 ,4.33 ,0.00 ,2.00 ,2.00 ,0.00 ,1.00 ,1.00 ,-0.30 
2.20 ,2.54 ,10.00 ,10.00 ,1.37 ,1.44 ,1.00 ,1.00 ,0.90 ,1.00 ,-1.83 ,-3.56 ,389.07 ,407.82 ,46.00 ,79.00 ,3.00 ,0.50 ,2.20 ,3.00 ,1.00 ,2.00 ,1.00 ,0.00 ,2.00 ,0.00 ,-0.49 
2.20 ,2.54 ,10.00 ,10.00 ,1.37 ,1.44 ,1.00 ,1.00 ,0.90 ,1.00 ,-1.83 ,-3.56 ,389.07 ,407.82 ,46.00 ,79.00 ,3.00 ,0.50 ,2.20 ,3.00 ,1.00 ,2.00 ,1.00 ,0.00 ,2.00 ,0.00 ,-0.49 
2.20 ,2.54 ,10.00 ,10.00 ,1.37 ,1.44 ,1.00 ,1.00 ,0.90 ,1.00 ,-1.83 ,-3.56 ,389.07 ,407.82 ,46.00 ,79.00 ,3.00 ,0.50 ,3.00 ,4.33 ,1.00 ,2.00 ,1.00 ,0.00 ,2.00 ,0.00 ,-0.51 
2.20 ,2.54 ,10.00 ,10.00 ,1.37 ,1.44 ,1.00 ,1.00 ,0.90 ,1.00 ,-1.83 ,-3.56 ,389.07 ,407.82 ,46.00 ,79.00 ,3.00 ,0.50 ,2.20 ,3.00 ,0.00 ,4.00 ,0.00 ,1.00 ,0.00 ,1.00 ,-0.24 
2.20 ,2.54 ,10.00 ,10.00 ,1.37 ,1.44 ,1.00 ,1.00 ,0.90 ,1.00 ,-1.83 ,-3.56 ,389.07 ,407.82 ,46.00 ,79.00 ,3.00 ,0.50 ,7.00 ,1.67 ,0.00 ,4.00 ,0.00 ,1.00 ,0.00 ,1.00 ,-0.29 
2.20 ,2.54 ,10.00 ,10.00 ,1.37 ,1.44 ,1.00 ,1.00 ,0.90 ,1.00 ,-1.83 ,-3.56 ,389.07 ,407.82 ,46.00 ,79.00 ,3.00 ,0.50 ,2.20 ,3.00 ,0.00 ,4.00 ,0.00 ,1.00 ,0.00 ,1.00 ,-0.17 
2.20 ,2.54 ,10.00 ,10.00 ,1.37 ,1.44 ,1.00 ,1.00 ,0.90 ,1.00 ,-1.83 ,-3.56 ,389.07 ,407.82 ,46.00 ,79.00 ,3.00 ,0.25 ,3.00 ,7.00 ,2.00 ,2.00 ,0.00 ,1.00 ,1.00 ,0.00 ,-0.50 
2.20 ,2.54 ,10.00 ,10.00 ,1.37 ,1.44 ,1.00 ,1.00 ,0.90 ,1.00 ,-1.83 ,-3.56 ,389.07 ,407.82 ,46.00 ,79.00 ,3.00 ,0.25 ,2.20 ,3.00 ,2.00 ,2.00 ,0.00 ,1.00 ,1.00 ,0.00 ,-0.45 
2.20 ,2.54 ,10.00 ,10.00 ,1.37 ,1.44 ,1.00 ,1.00 ,0.90 ,1.00 ,-1.83 ,-3.56 ,389.07 ,407.82 ,46.00 ,79.00 ,3.00 ,0.25 ,2.20 ,3.00 ,2.00 ,2.00 ,0.00 ,1.00 ,1.00 ,0.00 ,-0.52 
2.20 ,2.54 ,10.00 ,10.00 ,1.37 ,1.44 ,1.00 ,1.00 ,0.90 ,1.00 ,-1.83 ,-3.56 ,389.07 ,407.82 ,46.00 ,79.00 ,3.00 ,0.00 ,3.00 ,7.00 ,4.00 ,0.00 ,0.00 ,2.00 ,0.00 ,0.00 ,-0.53 
2.20 ,2.54 ,10.00 ,10.00 ,1.37 ,1.44 ,1.00 ,1.00 ,0.90 ,1.00 ,-1.83 ,-3.56 ,389.07 ,407.82 ,46.00 ,79.00 ,3.00 ,0.00 ,2.20 ,3.00 ,4.00 ,0.00 ,0.00 ,2.00 ,0.00 ,0.00 ,-0.55 
2.20 ,2.54 ,10.00 ,10.00 ,1.37 ,1.44 ,1.00 ,1.00 ,0.90 ,1.00 ,-1.83 ,-3.56 ,389.07 ,407.82 ,46.00 ,79.00 ,3.00 ,0.00 ,7.00 ,4.33 ,4.00 ,0.00 ,0.00 ,2.00 ,0.00 ,0.00 ,-0.51 
